Station,DIRN,Station-DIRN,Type,Signal Name,Latitude,Longitude,SignalLabel,SectionID
WADI,DN,WADI-DN,STR,STR,17.05611,76.99233,WADI-DN-STR,41
WADI,DN,WADI-DN,ISTR,ISTR,17.06002,76.99306,WADI-DN-ISTR,41
WADI,DN,WADI-DN,LSSDS,LSSDS,17.06285,76.99351,WADI-DN-LSSDS,41
GATE,DN,GATE-DN,GS,GS,17.07081,76.99397,GATE-DN-GS,41
SDB,DN,SDB-DN,DS,DS,17.09948,76.95808,SDB-DN-DS,41
SDB,DN,SDB-DN,IDS,IDS,17.10586,76.94832,SDB-DN-IDS,41
SDB,DN,SDB-DN,HS,HS,17.11363,76.94342,SDB-DN-HS,41
SDB,DN,SDB-DN,STR,STR,17.1252,76.944,SDB-DN-STR,41
MR,DN,MR-DN,DS,DS,17.17996,76.92656,MR-DN-DS,41
MR,DN,MR-DN,IDS,IDS,17.18691,76.91872,MR-DN-IDS,41
MR,DN,MR-DN,HS,HS,17.19374,76.90731,MR-DN-HS,41
MR,DN,MR-DN,STR,STR,17.20254,76.90086,MR-DN-STR,41
HQR,DN,HQR-DN,DS,DS,17.23941,76.89285,HQR-DN-DS,41
HQR,DN,HQR-DN,IDS,IDS,17.24749,76.88433,HQR-DN-IDS,41
HQR,DN,HQR-DN,HS,HS,17.25376,76.87741,HQR-DN-HS,41
HQR,DN,HQR-DN,STR,STR,17.25998,76.8707,HQR-DN-STR,41
KLBG,DN,KLBG-DN,DS,DS,17.29996,76.851,KLBG-DN-DS,41
KLBG,DN,KLBG-DN,IDS,IDS,17.30722,76.84389,KLBG-DN-IDS,41
KLBG,DN,KLBG-DN,HS,HS,17.31378,76.8353,KLBG-DN-HS,41
KLBG,DN,KLBG-DN,STR,STR,17.31489,76.8227,KLBG-DN-STR,41
KLBG,DN,KLBG-DN,LSSDS,LSSDS,17.3186,76.81466,KLBG-DN-LSSDS,41
GATE,DN,GATE-DN,IDS,IDS,17.32198,76.80829,GATE-DN-IDS,41
GATE,DN,GATE-DN,GS,GS,17.32642,76.79982,GATE-DN-GS,41
BBD,DN,BBD-DN,DS,DS,17.3289,76.79512,BBD-DN-DS,41
BBD,DN,BBD-DN,IDS,IDS,17.3333,76.78669,BBD-DN-IDS,41
BBD,DN,BBD-DN,HS,HS,17.33734,76.77797,BBD-DN-HS,41
SVG,DN,SVG-DN,DS,DS,17.34406,76.73977,SVG-DN-DS,41
SVG,DN,SVG-DN,IDS,IDS,17.3438,76.73047,SVG-DN-IDS,41
SVG,DN,SVG-DN,HS,HS,17.34165,76.72043,SVG-DN-HS,41
SVG,DN,SVG-DN,STR,STR,17.33929,76.71014,SVG-DN-STR,41
GUR,DN,GUR-DN,DS,DS,17.34726,76.61748,GUR-DN-DS,41
GUR,DN,GUR-DN,IDS,IDS,17.3442,76.60746,GUR-DN-IDS,41
GUR,DN,GUR-DN,HS,HS,17.3414,76.59793,GUR-DN-HS,41
GUR,DN,GUR-DN,STR,STR,17.34045,76.58658,GUR-DN-STR,41
GDGN,DN,GDGN-DN,DS,DS,17.33879,76.55724,GDGN-DN-DS,41
GDGN,DN,GDGN-DN,IDS,IDS,17.33821,76.54754,GDGN-DN-IDS,41
GDGN,DN,GDGN-DN,HS,HS,17.33731,76.53819,GDGN-DN-HS,41
GDGN,DN,GDGN-DN,STR,STR,17.3359,76.52852,GDGN-DN-STR,41
KUI,DN,KUI-DN,DS,DS,17.3464,76.49597,KUI-DN-DS,41
KUI,DN,KUI-DN,IDS,IDS,17.35193,76.48829,KUI-DN-IDS,41
KUI,DN,KUI-DN,HS,HS,17.35639,76.47746,KUI-DN-HS,41
KUI,DN,KUI-DN,STR,STR,17.3571,76.46615,KUI-DN-STR,41
DUD,DN,DUD-DN,DS,DS,17.35957,76.40612,DUD-DN-DS,41
DUD,DN,DUD-DN,IDS,IDS,17.36093,76.39642,DUD-DN-IDS,41
DUD,DN,DUD-DN,HS,HS,17.36128,76.38629,DUD-DN-HS,41
DUD,DN,DUD-DN,STR,STR,17.36359,76.37435,DUD-DN-STR,41
DUD,DN,DUD-DN,LSSDS,LSSDS,17.36473,76.36931,DUD-DN-LSSDS,41
GATE,DN,GATE-DN,GS,GS,17.36732,76.35725,GATE-DN-GS,41
BOT,DN,BOT-DN,DS,DS,17.38819,76.28427,BOT-DN-DS,41
BOT,DN,BOT-DN,IDS,IDS,17.39033,76.27496,BOT-DN-IDS,41
BOT,DN,BOT-DN,HS,HS,17.39257,76.26526,BOT-DN-HS,41
BOT,DN,BOT-DN,STR,STR,17.3951,76.2543,BOT-DN-STR,41
NGS,DN,NGS-DN,DS,DS,17.4144,76.2071,NGS-DN-DS,41
NGS,DN,NGS-DN,IDS,IDS,17.42065,76.20035,NGS-DN-IDS,41
NGS,DN,NGS-DN,HS,HS,17.42506,76.19007,NGS-DN-HS,41
NGS,DN,NGS-DN,STR,STR,17.43011,76.18176,NGS-DN-STR,41
AKOR,DN,AKOR-DN,DS,DS,17.44173,76.16518,AKOR-DN-DS,41
AKOR,DN,AKOR-DN,IDS,IDS,17.44494,76.1559,AKOR-DN-IDS,41
AKOR,DN,AKOR-DN,HS,HS,17.44798,76.14669,AKOR-DN-HS,41
AKOR,DN,AKOR-DN,STR,STR,17.45264,76.13355,AKOR-DN-STR,41
TLT,DN,TLT-DN,DS,DS,17.51112,76.05909,TLT-DN-DS,41
TLT,DN,TLT-DN,IDS,IDS,17.51678,76.05184,TLT-DN-IDS,41
TLT,DN,TLT-DN,HS,HS,17.52259,76.04439,TLT-DN-HS,41
TLT,DN,TLT-DN,STR,STR,17.53146,76.03299,TLT-DN-STR,41
HG,DN,HG-DN,DS,DS,17.54164,76.01995,HG-DN-DS,41
HG,DN,HG-DN,IDS,IDS,17.54747,76.01249,HG-DN-IDS,41
HG,DN,HG-DN,HS,HS,17.55341,76.00483,HG-DN-HS,41
HG,DN,HG-DN,RHS,RHS,17.55947,75.99721,HG-DN-RHS,41
HG,DN,HG-DN,STR,STR,17.56691,75.98716,HG-DN-STR,41
HG,UP,HG-UP,STR,STR,17.56297,75.9923,HG-UP-STR,15
HG,UP,HG-UP,ISTR,ISTR,17.5592,75.99755,HG-UP-ISTR,15
TLT,UP,TLT-UP,DS,DS,17.54611,76.01432,TLT-UP-DS,15
TLT,UP,TLT-UP,IDS,IDS,17.54028,76.02178,TLT-UP-IDS,15
TLT,UP,TLT-UP,HS,HS,17.53449,76.02918,TLT-UP-HS,15
TLT,UP,TLT-UP,STR,STR,17.52667,76.03914,TLT-UP-STR,15
AKOR,UP,AKOR-UP,DS,DS,17.46831,76.11379,AKOR-UP-DS,15
AKOR,UP,AKOR-UP,IDS,IDS,17.46237,76.1214,AKOR-UP-IDS,15
AKOR,UP,AKOR-UP,HS,HS,17.45652,76.12884,AKOR-UP-HS,15
AKOR,UP,AKOR-UP,STR,STR,17.44964,76.14125,AKOR-UP-STR,15
NGS,UP,NGS-UP,DS,DS,17.44282,76.16203,NGS-UP-DS,15
NGS,UP,NGS-UP,IDS,IDS,17.43842,76.17012,NGS-UP-IDS,15
NGS,UP,NGS-UP,HS,HS,17.43302,76.17762,NGS-UP-HS,15
NGS,UP,NGS-UP,STR,STR,17.42654,76.18676,NGS-UP-STR,15
BOT,UP,BOT-UP,DS,DS,17.40069,76.23002,BOT-UP-DS,15
BOT,UP,BOT-UP,IDS,IDS,17.39817,76.24023,BOT-UP-IDS,15
BOT,UP,BOT-UP,HS,HS,17.39599,76.24986,BOT-UP-HS,15
BOT,UP,BOT-UP,STR,STR,17.39371,76.26003,BOT-UP-STR,15
GATE,UP,GATE-UP,DS,DS,17.37624,76.33593,GATE-UP-DS,15
GATE,UP,GATE-UP,IDS,IDS,17.37282,76.34469,GATE-UP-IDS,15
GATE,UP,GATE-UP,GSDS,GSDS,17.36882,76.35332,GATE-UP-GSDS,15
DUD,UP,DUD-UP,IDS,IDS,17.36674,76.35951,DUD-UP-IDS,15
DUD,UP,DUD-UP,HS,HS,17.36481,76.36884,DUD-UP-HS,15
DUD,UP,DUD-UP,STR,STR,17.36219,76.38152,DUD-UP-STR,15
KUI,UP,KUI-UP,DS,DS,17.35832,76.4421,KUI-UP-DS,15
KUI,UP,KUI-UP,IDS,IDS,17.35698,76.4517,KUI-UP-IDS,15
KUI,UP,KUI-UP,HS,HS,17.35663,76.46111,KUI-UP-HS,15
KUI,UP,KUI-UP,STR,STR,17.35745,76.47284,KUI-UP-STR,15
GDGN,UP,GDGN-UP,DS,DS,17.33942,76.50631,GDGN-UP-DS,15
GDGN,UP,GDGN-UP,IDS,IDS,17.335,76.51494,GDGN-UP-IDS,15
GDGN,UP,GDGN-UP,HS,HS,17.33533,76.52484,GDGN-UP-HS,15
GDGN,UP,GDGN-UP,STR,STR,17.33681,76.53484,GDGN-UP-STR,15
GUR,UP,GUR-UP,DS,DS,17.33903,76.56197,GUR-UP-DS,15
GUR,UP,GUR-UP,IDS,IDS,17.33962,76.57211,GUR-UP-IDS,15
GUR,UP,GUR-UP,HS,HS,17.34018,76.58172,GUR-UP-HS,15
GUR,UP,GUR-UP,STR,STR,17.34085,76.59259,GUR-UP-STR,15
SVG,UP,SVG-UP,DS,DS,17.33896,76.68475,SVG-UP-DS,15
SVG,UP,SVG-UP,IDS,IDS,17.33514,76.69471,SVG-UP-IDS,15
SVG,UP,SVG-UP,HS,HS,17.33769,76.70508,SVG-UP-HS,15
SVG,UP,SVG-UP,STR,STR,17.34048,76.7155,SVG-UP-STR,15
BBD,UP,BBD-UP,DS,DS,17.34124,76.76218,BBD-UP-DS,15
BBD,UP,BBD-UP,IDS,IDS,17.33817,76.77135,BBD-UP-IDS,15
BBD,UP,BBD-UP,HS,HS,17.33629,76.78082,BBD-UP-HS,15
GATE,UP,GATE-UP,IDS,IDS,17.33274,76.78764,GATE-UP-IDS,15
GATE,UP,GATE-UP,GSDS,GSDS,17.32838,76.79594,GATE-UP-GSDS,15
KLBG,UP,KLBG-UP,IDS,IDS,17.32373,76.80479,KLBG-UP-IDS,15
KLBG,UP,KLBG-UP,HS,HS,17.31931,76.81316,KLBG-UP-HS,15
KLBG,UP,KLBG-UP,STR,STR,17.31462,76.82917,KLBG-UP-STR,15
HQR,UP,HQR-UP,DS,DS,17.2818,76.85852,HQR-UP-DS,15
HQR,UP,HQR-UP,IDS,IDS,17.2736,76.86229,HQR-UP-IDS,15
HQR,UP,HQR-UP,HS,HS,17.26541,76.86604,HQR-UP-HS,15
MR,UP,MR-UP,DS,DS,17.22507,76.89544,MR-UP-DS,15
MR,UP,MR-UP,IDS,IDS,17.21573,76.89643,MR-UP-IDS,15
MR,UP,MR-UP,HS,HS,17.20666,76.89843,MR-UP-HS,15
MR,UP,MR-UP,STR,STR,17.19693,76.90416,MR-UP-STR,15
SDB,UP,SDB-UP,DS,DS,17.1508,76.93399,SDB-UP-DS,15
SDB,UP,SDB-UP,IDS,IDS,17.14224,76.93835,SDB-UP-IDS,15
SDB,UP,SDB-UP,HS,HS,17.13445,76.9437,SDB-UP-HS,15
SDB,UP,SDB-UP,STR,STR,17.11942,76.94307,SDB-UP-STR,15
WADI,UP,WADI-UP,DS,DS,17.08116,76.98683,WADI-UP-DS,15
WADI,UP,WADI-UP,IDS,IDS,17.07399,76.99306,WADI-UP-IDS,15
WADI,UP,WADI-UP,HS,HS,17.06498,76.99383,WADI-UP-HS,15
WADI,UP,WADI-UP,RHS,RHS,17.06113,76.99324,WADI-UP-RHS,15
WADI,UP,WADI-UP,STR,STR,17.05059,76.99142,WADI-UP-STR,15
UBL,DN,UBL-DN,STR,STR,15.34839,75.1538,UBL-DN-STR,61
UBL,DN,UBL-DN,ISTR,ISTR,15.3507,75.17333,UBL-DN-ISTR,63
BMAP,DN,BMAP-DN,STR,STR,15.36161,75.18324,BMAP-DN-STR,63
KUG,DN,KUG-DN,DS,DS,15.36367,75.20714,KUG-DN-DS,0
GATE,DN,GATE-DN,GS,GS,15.36448,75.21643,GATE-DN-GS,0
KUG,DN,KUG-DN,HS,HS,15.36646,75.22162,KUG-DN-HS,0
KUG,DN,KUG-DN,STR,STR,15.37449,75.2298,KUG-DN-STR,0
GATE,DN,GATE-DN,DS,DS,15.39697,75.23475,GATE-DN-DS,0
GATE,DN,GATE-DN,GS,GS,15.40378,75.24412,GATE-DN-GS,0
HBS,DN,HBS-DN,DS,DS,15.41436,75.26828,HBS-DN-DS,0
HBS,DN,HBS-DN,HS,HS,15.41894,75.27756,HBS-DN-HS,0
HBS,DN,HBS-DN,STR,STR,15.42568,75.28969,HBS-DN-STR,0
NVD,DN,NVD-DN,DS,DS,15.434,75.33765,NVD-DN-DS,0
NVD,DN,NVD-DN,HS,HS,15.43559,75.34709,NVD-DN-HS,0
NVD,DN,NVD-DN,STR,STR,15.43521,75.35823,NVD-DN-STR,0
NGR,DN,NGR-DN,DS,DS,15.43316,75.41562,NGR-DN-DS,0
NGR,DN,NGR-DN,HS,HS,15.43282,75.42515,NGR-DN-HS,0
NGR,DN,NGR-DN,STR,STR,15.43239,75.43837,NGR-DN-STR,0
LKT,DN,LKT-DN,DS,DS,15.431,75.5123,LKT-DN-DS,0
LKT,DN,LKT-DN,HS,HS,15.43151,75.52164,LKT-DN-HS,0
LKT,DN,LKT-DN,STR,STR,15.43445,75.53252,LKT-DN-STR,0
BKIT,DN,BKIT-DN,DS,DS,15.43518,75.5761,BKIT-DN-DS,0
BKIT,DN,BKIT-DN,HS,HS,15.43605,75.58634,BKIT-DN-HS,0
BKIT,DN,BKIT-DN,STR,STR,15.43712,75.59926,BKIT-DN-STR,0
GDGB,DN,GDGB-DN,HS,HS,15.4381,75.6105,GDGB-DN-HS,0
GDGB,DN,GDGB-DN,LSSDS,LSSDS,15.43851,75.6165,GDGB-DN-LSSDS,0
GDG,DN,GDG-DN,HS,HS,15.43656,75.63106,GDG-DN-HS,0
GDG,DN,GDG-DN,STR,STR,15.437,75.64681,GDG-DN-STR,0
KGX,DN,KGX-DN,DS,DS,15.44558,75.70042,KGX-DN-DS,1
KGX,DN,KGX-DN,HS,HS,15.44725,75.71025,KGX-DN-HS,1
KGX,DN,KGX-DN,STR,STR,15.44834,75.7205,KGX-DN-STR,1
RLP,DN,RLP-DN,DS,DS,15.4429,75.78148,RLP-DN-DS,1
RLP,DN,RLP-DN,HS,HS,15.44012,75.79161,RLP-DN-HS,1
RLP,DN,RLP-DN,STR,STR,15.43217,75.80269,RLP-DN-STR,1
SOQ,DN,SOQ-DN,DS,DS,15.42175,75.85531,SOQ-DN-DS,1
SOQ,DN,SOQ-DN,HS,HS,15.42319,75.86507,SOQ-DN-HS,1
SOQ,DN,SOQ-DN,STR,STR,15.42085,75.87695,SOQ-DN-STR,1
BNA,DN,BNA-DN,DS,DS,15.40891,75.92153,BNA-DN-DS,1
BNA,DN,BNA-DN,HS,HS,15.40719,75.93076,BNA-DN-HS,1
BNA,DN,BNA-DN,STR,STR,15.4065,75.94349,BNA-DN-STR,1
TLKL,DN,TLKL-DN,DS,DS,15.40218,75.96514,TLKL-DN-DS,1
TLKL,DN,TLKL-DN,HS,HS,15.39947,75.97451,TLKL-DN-HS,1
TLKL,DN,TLKL-DN,STR,STR,15.3982,75.99093,TLKL-DN-STR,1
BNP,DN,BNP-DN,DS,DS,15.39144,76.01918,BNP-DN-DS,2
BNP,DN,BNP-DN,HS,HS,15.38923,76.02831,BNP-DN-HS,2
BNP,DN,BNP-DN,STR,STR,15.38622,76.04094,BNP-DN-STR,2
GATE,DN,GATE-DN,DS,DS,15.37226,76.07051,GATE-DN-DS,2
GATE,DN,GATE-DN,GS,GS,15.36766,76.07881,GATE-DN-GS,2
KBL,DN,KBL-DN,DS,DS,15.36117,76.12363,KBL-DN-DS,2
KBL,DN,KBL-DN,HS,HS,15.35672,76.1318,KBL-DN-HS,2
KBL,DN,KBL-DN,STR,STR,15.35431,76.14919,KBL-DN-STR,2
GATE,DN,GATE-DN,DS,DS,15.35184,76.17018,GATE-DN-DS,2
GATE,DN,GATE-DN,GS,GS,15.34968,76.17919,GATE-DN-GS,2
GIN,DN,GIN-DN,DS,DS,15.34818,76.22517,GIN-DN-DS,2
GIN,DN,GIN-DN,HS,HS,15.34804,76.23474,GIN-DN-HS,2
GIN,DN,GIN-DN,STR,STR,15.34782,76.249,GIN-DN-STR,2
GATE,DN,GATE-DN,DS,DS,15.33268,76.29842,GATE-DN-DS,3
GATE,DN,GATE-DN,GSDS,GSDS,15.32888,76.30769,GATE-DN-GSDS,3
GATE,DN,GATE-DN,GSDS,GSDS,15.32477,76.31607,GATE-DN-GSDS,3
MRB,DN,MRB-DN,HS,HS,15.31738,76.32495,MRB-DN-HS,3
MRB,DN,MRB-DN,STR,STR,15.30731,76.33687,MRB-DN-STR,3
HPT,DN,HPT-DN,DS,DS,15.29895,76.36085,HPT-DN-DS,3
HPT,DN,HPT-DN,HS,HS,15.29542,76.36957,HPT-DN-HS,3
HPT,DN,HPT-DN,STR,STR,15.2849,76.39041,HPT-DN-STR,3
HPT,DN,HPT-DN,LSSDS,LSSDS,15.28258,76.39519,HPT-DN-LSSDS,4
GATE,DN,GATE-DN,GSDS,GSDS,15.27874,76.40259,GATE-DN-GSDS,4
GATE,DN,GATE-DN,GS,GS,15.27255,76.4106,GATE-DN-GS,4
KGW,DN,KGW-DN,DS,DS,15.26368,76.41844,KGW-DN-DS,4
KGW,DN,KGW-DN,HS,HS,15.25733,76.4252,KGW-DN-HS,4
KGW,DN,KGW-DN,STR,STR,15.24918,76.4364,KGW-DN-STR,4
PKL,DN,PKL-DN,DS,DS,15.23586,76.47211,PKL-DN-DS,4
PKL,DN,PKL-DN,HS,HS,15.23474,76.48174,PKL-DN-HS,4
PKL,DN,PKL-DN,STR,STR,15.23704,76.49417,PKL-DN-STR,4
BYO,DN,BYO-DN,DS,DS,15.23567,76.50703,BYO-DN-DS,4
GATE,DN,GATE-DN,GS,GS,15.23262,76.5158,GATE-DN-GS,4
BYO,DN,BYO-DN,HS,HS,15.23048,76.52861,BYO-DN-HS,4
BYO,DN,BYO-DN,STR,STR,15.22963,76.54166,BYO-DN-STR,4
GNR,DN,GNR-DN,DS,DS,15.222,76.58292,GNR-DN-DS,4
GNR,DN,GNR-DN,HS,HS,15.22016,76.59202,GNR-DN-HS,4
GNR,DN,GNR-DN,STR,STR,15.2178,76.60266,GNR-DN-STR,4
TNGLB,DN,TNGLB-DN,DS,DS,15.21102,76.63611,TNGLB-DN-DS,4
TNGLB,DN,TNGLB-DN,HS,HS,15.20898,76.64534,TNGLB-DN-HS,4
TNGL,DN,TNGL-DN,RHS,RHS,15.20337,76.65653,TNGL-DN-RHS,4
TNGL,DN,TNGL-DN,STR,STR,15.2044,76.66968,TNGL-DN-STR,4
DAJ,DN,DAJ-DN,DS,DS,15.22565,76.68447,DAJ-DN-DS,5
DAJ,DN,DAJ-DN,HS,HS,15.22879,76.69344,DAJ-DN-HS,5
DAJ,DN,DAJ-DN,STR,STR,15.22591,76.7047,DAJ-DN-STR,5
KDN,DN,KDN-DN,DS,DS,15.22056,76.74113,KDN-DN-DS,5
KDN,DN,KDN-DN,IHS,IHS,15.21874,76.75055,KDN-DN-IHS,5
KDN,DN,KDN-DN,RHS,RHS,15.21704,76.75627,KDN-DN-RHS,5
KDN,DN,KDN-DN,STR,STR,15.214,76.766,KDN-DN-STR,5
IB,DN,IB-DN,DS,DS,15.1899,76.8437,IB-DN-DS,5
IB,DN,IB-DN,IBS,IBS,15.18707,76.85303,IB-DN-IBS,5
BYC,DN,BYC-DN,DS,DS,15.1682,76.86777,BYC-DN-DS,5
BYC,DN,BYC-DN,HS,HS,15.16284,76.8757,BYC-DN-HS,5
BYC,DN,BYC-DN,STR,STR,15.1573,76.88454,BYC-DN-STR,5
BYC,DN,BYC-DN,ISTR,ISTR,15.15496,76.88805,BYC-DN-ISTR,5
BYC,DN,BYC-DN,LSSDS,LSSDS,15.153,76.89123,BYC-DN-LSSDS,5
GATE,DN,GATE-DN,GSDS,GSDS,15.15019,76.8957,GATE-DN-GSDS,5
BAYB,DN,BAYB-DN,IHS,IHS,15.14552,76.90313,BAYB-DN-IHS,5
BAY,DN,BAY-DN,RHS,RHS,15.14053,76.91518,BAY-DN-RHS,5
BAY,DN,BAY-DN,STR,STR,15.14757,76.92602,BAY-DN-STR,5
HDD,DN,HDD-DN,DS,DS,15.15261,76.9645,HDD-DN-DS,6
HDD,DN,HDD-DN,HS,HS,15.1529,76.97405,HDD-DN-HS,6
HDD,DN,HDD-DN,STR,STR,15.15313,76.98605,HDD-DN-STR,6
HGI,DN,HGI-DN,DS,DS,15.154,77.03107,HGI-DN-DS,6
HGI,DN,HGI-DN,HS,HS,15.15398,77.04076,HGI-DN-HS,6
HGI,DN,HGI-DN,RHS,RHS,15.15239,77.0496,HGI-DN-RHS,6
HGI,DN,HGI-DN,STR,STR,15.15139,77.05793,HGI-DN-STR,6
VP,DN,VP-DN,DS,DS,15.15667,77.11193,VP-DN-DS,6
VP,DN,VP-DN,HS,HS,15.15798,77.12178,VP-DN-HS,6
VP,DN,VP-DN,STR,STR,15.16207,77.13076,VP-DN-STR,6
BNL,DN,BNL-DN,DS,DS,15.16518,77.19478,BNL-DN-DS,6
BNL,DN,BNL-DN,HS,HS,15.16605,77.20469,BNL-DN-HS,6
BNL,DN,BNL-DN,STR,STR,15.16762,77.21577,BNL-DN-STR,6
BLL,DN,BLL-DN,DS,DS,15.1647,77.26012,BLL-DN-DS,6
BLL,DN,BLL-DN,HS,HS,15.1638,77.26934,BLL-DN-HS,6
BLL,DN,BLL-DN,STR,STR,15.16311,77.27888,BLL-DN-STR,6
GTLW,DN,GTLW-DN,DS,DS,15.15913,77.32513,GTLW-DN-DS,6
GTLW,DN,GTLW-DN,HS,HS,15.16215,77.33457,GTLW-DN-HS,6
GTLW,DN,GTLW-DN,STR,STR,15.16897,77.346,GTLW-DN-STR,6
GTLW,DN,GTLW-DN,ISTR,ISTR,15.17538,77.35099,GTLW-DN-ISTR,6
GTLW,DN,GTLW-DN,LSSDS,LSSDS,15.17818,77.35053,GTLW-DN-LSSDS,6
GTLB,DN,GTLB-DN,HS,HS,15.1837,77.35328,GTLB-DN-HS,6
GTL,DN,GTL-DN,RHS,RHS,15.18349,77.35862,GTL-DN-RHS,6
GTL,DN,GTL-DN,STR,STR,15.1742,77.36873,GTL-DN-STR,6
GTL,UP,GTL-UP,STR,STR,15.17728,77.36319,GTL-UP-STR,32
GTL,UP,GTL-UP,ISTR,ISTR,15.17976,77.3615,GTL-UP-ISTR,32
GTL,UP,GTL-UP,ISTR,ISTR,15.18439,77.35645,GTL-UP-ISTR,32
GTL,UP,GTL-UP,LSSDS,LSSDS,15.1841,77.3539,GTL-UP-LSSDS,32
GTLW,UP,GTLW-UP,HS,HS,15.17274,77.3505,GTLW-UP-HS,32
GTLW,UP,GTLW-UP,STR,STR,15.1659,77.3406,GTLW-UP-STR,32
BLL,UP,BLL-UP,DS,DS,15.16098,77.29462,BLL-UP-DS,32
BLL,UP,BLL-UP,HS,HS,15.16199,77.28503,BLL-UP-HS,32
BLL,UP,BLL-UP,STR,STR,15.16308,77.27467,BLL-UP-STR,32
BNL,UP,BNL-UP,DS,DS,15.16774,77.23114,BNL-UP-DS,32
BNL,UP,BNL-UP,HS,HS,15.16775,77.2211,BNL-UP-HS,32
BNL,UP,BNL-UP,STR,STR,15.1665,77.20882,BNL-UP-STR,32
VP,UP,VP-UP,DS,DS,15.16042,77.14797,VP-UP-DS,32
VP,UP,VP-UP,HS,HS,15.1595,77.13877,VP-UP-HS,32
VP,UP,VP-UP,STR,STR,15.15839,77.12783,VP-UP-STR,32
HGI,UP,HGI-UP,DS,DS,15.15324,77.0762,HGI-UP-DS,32
HGI,UP,HGI-UP,HS,HS,15.15228,77.06683,HGI-UP-HS,32
HGI,UP,HGI-UP,STR,STR,15.1516,77.05237,HGI-UP-STR,32
HDD,UP,HDD-UP,DS,DS,15.15333,77.00404,HDD-UP-DS,32
HDD,UP,HDD-UP,HS,HS,15.15311,76.99447,HDD-UP-HS,32
HDD,UP,HDD-UP,STR,STR,15.15278,76.98005,HDD-UP-STR,32
BAY,UP,BAY-UP,DS,DS,15.15188,76.9404,BAY-UP-DS,32
BAY,UP,BAY-UP,HS,HS,15.15051,76.93089,BAY-UP-HS,32
BAY,UP,BAY-UP,STR,STR,15.14359,76.92046,BAY-UP-STR,32
BAY,UP,BAY-UP,ISTR,ISTR,15.14072,76.91612,BAY-UP-ISTR,31
BAYB,UP,BAYB-UP,ISTR,ISTR,15.14147,76.90982,BAYB-UP-ISTR,31
BAY,UP,BAY-UP,LSSDS,LSSDS,15.14308,76.90727,BAY-UP-LSSDS,31
GATE,UP,GATE-UP,GSDS,GSDS,15.14828,76.89898,GATE-UP-GSDS,31
BYC,UP,BYC-UP,GSDS,GSDS,15.15051,76.89542,BYC-UP-GSDS,31
BYC,UP,BYC-UP,HS,HS,15.15281,76.89169,BYC-UP-HS,31
BYC,UP,BYC-UP,RHS,RHS,15.1567,76.88574,BYC-UP-RHS,31
BYC,UP,BYC-UP,STR,STR,15.16076,76.87912,BYC-UP-STR,31
BYC,UP,BYC-UP,ISTR,ISTR,15.16427,76.87333,BYC-UP-ISTR,31
IB,UP,IB-UP,DS,DS,15.18413,76.85823,IB-UP-DS,31
IB,UP,IB-UP,IBS,IBS,15.18803,76.84962,IB-UP-IBS,31
KDN,UP,KDN-UP,DS,DS,15.20809,76.78455,KDN-UP-DS,31
KDN,UP,KDN-UP,HS,HS,15.21085,76.77565,KDN-UP-HS,31
KDN,UP,KDN-UP,STR,STR,15.21547,76.76066,KDN-UP-STR,31
DAJ,UP,DAJ-UP,DS,DS,15.22166,76.71963,DAJ-UP-DS,31
DAJ,UP,DAJ-UP,HS,HS,15.22412,76.7104,DAJ-UP-HS,31
DAJ,UP,DAJ-UP,STR,STR,15.22738,76.69747,DAJ-UP-STR,31
TNGL,UP,TNGL-UP,DS,DS,15.21691,76.68073,TNGL-UP-DS,31
TNGL,UP,TNGL-UP,HS,HS,15.20823,76.67727,TNGL-UP-HS,31
TNGL,UP,TNGL-UP,STR,STR,15.20307,76.66177,TNGL-UP-STR,31
TNGL,UP,TNGL-UP,ISTR,ISTR,15.20575,76.65114,TNGL-UP-ISTR,30
GNR,UP,GNR-UP,DS,DS,15.21472,76.61781,GNR-UP-DS,30
GNR,UP,GNR-UP,HS,HS,15.21661,76.6085,GNR-UP-HS,30
GNR,UP,GNR-UP,STR,STR,15.21879,76.59763,GNR-UP-STR,30
BYO,UP,BYO-UP,DS,DS,15.22825,76.55774,BYO-UP-DS,30
BYO,UP,BYO-UP,HS,HS,15.22894,76.5484,BYO-UP-HS,30
BYO,UP,BYO-UP,STR,STR,15.22996,76.53506,BYO-UP-STR,30
BYO,UP,BYO-UP,LSSDS,LSSDS,15.23053,76.52746,BYO-UP-LSSDS,30
GATE,UP,GATE-UP,GS,GS,15.23111,76.52058,GATE-UP-GS,30
PKL,UP,PKL-UP,DS,DS,15.23451,76.51018,PKL-UP-DS,30
PKL,UP,PKL-UP,HS,HS,15.23679,76.50089,PKL-UP-HS,30
PKL,UP,PKL-UP,STR,STR,15.23427,76.48666,PKL-UP-STR,30
KGW,UP,KGW-UP,DS,DS,15.24195,76.44914,KGW-UP-DS,30
KGW,UP,KGW-UP,HS,HS,15.24632,76.44081,KGW-UP-HS,30
KGW,UP,KGW-UP,STR,STR,15.2531,76.43091,KGW-UP-STR,30
GATE,UP,GATE-UP,DS,DS,15.2626,76.41922,GATE-UP-DS,30
GATE,UP,GATE-UP,GSDS,GSDS,15.2696,76.41302,GATE-UP-GSDS,30
GATE,UP,GATE-UP,GSDS,GSDS,15.2766,76.40632,GATE-UP-GSDS,30
HPT,UP,HPT-UP,HS,HS,15.28102,76.39797,HPT-UP-HS,30
HPT,UP,HPT-UP,STR,STR,15.28875,76.38339,HPT-UP-STR,30
MRB,UP,MRB-UP,DS,DS,15.30141,76.35286,MRB-UP-DS,29
MRB,UP,MRB-UP,HS,HS,15.30503,76.33987,MRB-UP-HS,29
MRB,UP,MRB-UP,STR,STR,15.3139,76.32911,MRB-UP-STR,29
MRB,UP,MRB-UP,LSSDS,LSSDS,15.3161,76.32655,MRB-UP-LSSDS,29
GATE,UP,GATE-UP,GSDS,GSDS,15.32246,76.31892,GATE-UP-GSDS,29
GATE,UP,GATE-UP,GS,GS,15.32683,76.31276,GATE-UP-GS,29
GIN,UP,GIN-UP,DS,DS,15.34668,76.26427,GIN-UP-DS,29
GIN,UP,GIN-UP,HS,HS,15.34777,76.25503,GIN-UP-HS,29
GIN,UP,GIN-UP,STR,STR,15.34794,76.24074,GIN-UP-STR,29
GATE,UP,GATE-UP,DS,DS,15.34865,76.19233,GATE-UP-DS,28
GATE,UP,GATE-UP,GS,GS,15.34897,76.18301,GATE-UP-GS,28
KBL,UP,KBL-UP,DS,DS,15.35328,76.1641,KBL-UP-DS,28
KBL,UP,KBL-UP,HS,HS,15.35463,76.15457,KBL-UP-HS,28
KBL,UP,KBL-UP,STR,STR,15.35381,76.1406,KBL-UP-STR,28
GATE,UP,GATE-UP,DS,DS,15.36476,76.09279,GATE-UP-DS,28
GATE,UP,GATE-UP,GS,GS,15.36588,76.08326,GATE-UP-GS,28
BNP,UP,BNP-UP,DS,DS,15.38007,76.05647,BNP-UP-DS,28
BNP,UP,BNP-UP,HS,HS,15.38476,76.04708,BNP-UP-HS,28
BNP,UP,BNP-UP,STR,STR,15.38809,76.03327,BNP-UP-STR,28
TLKL,UP,TLKL-UP,DS,DS,15.39403,76.00843,TLKL-UP-DS,28
TLKL,UP,TLKL-UP,HS,HS,15.39628,75.99908,TLKL-UP-HS,28
TLKL,UP,TLKL-UP,STR,STR,15.39895,75.9844,TLKL-UP-STR,28
BNA,UP,BNA-UP,DS,DS,15.40451,75.95931,BNA-UP-DS,27
BNA,UP,BNA-UP,HS,HS,15.40622,75.94864,BNA-UP-HS,27
BNA,UP,BNA-UP,STR,STR,15.40691,75.93602,BNA-UP-STR,27
SOQ,UP,SOQ-UP,DS,DS,15.4168,75.8925,SOQ-UP-DS,27
SOQ,UP,SOQ-UP,HS,HS,15.41923,75.88353,SOQ-UP-HS,27
SOQ,UP,SOQ-UP,STR,STR,15.42219,75.87044,SOQ-UP-STR,27
RLP,UP,RLP-UP,DS,DS,15.4219,75.81178,RLP-UP-DS,27
RLP,UP,RLP-UP,HS,HS,15.42843,75.80536,RLP-UP-HS,27
RLP,UP,RLP-UP,STR,STR,15.43748,75.79768,RLP-UP-STR,27
KGX,UP,KGX-UP,DS,DS,15.45118,75.73421,KGX-UP-DS,27
KGX,UP,KGX-UP,HS,HS,15.44924,75.72445,KGX-UP-HS,27
KGX,UP,KGX-UP,STR,STR,15.44752,75.71337,KGX-UP-STR,27
GDG,UP,GDG-UP,DS,DS,15.43831,75.66201,GDG-UP-DS,27
GDG,UP,GDG-UP,HS,HS,15.43762,75.65217,GDG-UP-HS,27
GDG,UP,GDG-UP,STR,STR,15.43668,75.63912,GDG-UP-STR,27
GDG,UP,GDG-UP,LSSDS,LSSDS,15.43646,75.63232,GDG-UP-LSSDS,26
GDGB,UP,GDGB-UP,HS,HS,15.43853,75.61686,GDGB-UP-HS,26
GDGB,UP,GDGB-UP,LSSDS,LSSDS,15.43821,75.61179,GDGB-UP-LSSDS,26
BKIT,UP,BKIT-UP,HS,HS,15.43773,75.6057,BKIT-UP-HS,26
BKIT,UP,BKIT-UP,STR,STR,15.43639,75.59082,BKIT-UP-STR,26
LKT,UP,LKT-UP,DS,DS,15.4387,75.54637,LKT-UP-DS,26
LKT,UP,LKT-UP,HS,HS,15.43598,75.5373,LKT-UP-HS,26
LKT,UP,LKT-UP,STR,STR,15.43256,75.52614,LKT-UP-STR,26
NGR,UP,NGR-UP,DS,DS,15.4318,75.45446,NGR-UP-DS,26
NGR,UP,NGR-UP,HS,HS,15.43217,75.44495,NGR-UP-HS,26
NGR,UP,NGR-UP,STR,STR,15.43274,75.43138,NGR-UP-STR,26
NVD,UP,NVD-UP,DS,DS,15.43476,75.37223,NVD-UP-DS,26
NVD,UP,NVD-UP,HS,HS,15.43513,75.36262,NVD-UP-HS,26
NVD,UP,NVD-UP,STR,STR,15.43553,75.35122,NVD-UP-STR,26
HBS,UP,HBS-UP,DS,DS,15.42956,75.30208,HBS-UP-DS,26
HBS,UP,HBS-UP,HS,HS,15.42839,75.29288,HBS-UP-HS,26
HBS,UP,HBS-UP,STR,STR,15.42163,75.28298,HBS-UP-STR,26
GATE,UP,GATE-UP,DS,DS,15.40949,75.25608,GATE-UP-DS,26
GATE,UP,GATE-UP,GS,GS,15.40545,75.24741,GATE-UP-GS,26
KUG,UP,KUG-UP,DS,DS,15.38948,75.2327,KUG-UP-DS,26
KUG,UP,KUG-UP,HS,HS,15.38023,75.23227,KUG-UP-HS,26
KUG,UP,KUG-UP,STR,STR,15.36929,75.22559,KUG-UP-STR,26
BMAP,UP,BMAP-UP,DS,DS,15.36312,75.20091,BMAP-UP-DS,26
BMAP,UP,BMAP-UP,HS,HS,15.36227,75.19106,BMAP-UP-HS,26
UBL,UP,UBL-UP,DS,DS,15.36162,75.18328,UBL-UP-DS,62
UBL,UP,UBL-UP,HS,HS,15.35451,75.17595,UBL-UP-HS,62
UBL,UP,UBL-UP,STR,STR,15.3513,75.14822,UBL-UP-STR,60
UBL,UP,UBL-UP,STR,STR,15.35195,75.14765,UBL-UP-STR,60
UNK,UP,UNK-UP,DS,DS,15.36105,75.13917,UNK-UP-DS,60
UNK,UP,UNK-UP,HS,HS,15.36647,75.13045,UNK-UP-HS,60
UNK,UP,UNK-UP,STR,STR,15.37969,75.12263,UNK-UP-STR,60
UNK,UP,UNK-UP,LSSDS,LSSDS,15.38178,75.12168,UNK-UP-LSSDS,60
BDKA,UP,BDKA-UP,HS,HS,15.39293,75.11377,BDKA-UP-HS,60
BDKA,UP,BDKA-UP,STR,STR,15.40427,75.10523,BDKA-UP-STR,60
NVU,UP,NVU-UP,DS,DS,15.41357,75.07952,NVU-UP-DS,7
NVU,UP,NVU-UP,HS,HS,15.41289,75.07015,NVU-UP-HS,7
NVU,UP,NVU-UP,STR,STR,15.41869,75.05158,NVU-UP-STR,7
DWR,UP,DWR-UP,DS,DS,15.42746,75.02405,DWR-UP-DS,7
DWR,UP,DWR-UP,HS,HS,15.43275,75.01333,DWR-UP-HS,7
DWR,UP,DWR-UP,STR,STR,15.44244,75.00141,DWR-UP-STR,7
GATE,UP,GATE-UP,DS,DS,15.4445,74.97742,GATE-UP-DS,7
GATE,UP,GATE-UP,GSDS,GSDS,15.4423,74.96891,GATE-UP-GSDS,7
KRKP,UP,KRKP-UP,HS,HS,15.44856,74.96329,KRKP-UP-HS,7
KRKP,UP,KRKP-UP,STR,STR,15.45611,74.95426,KRKP-UP-STR,7
MGD,UP,MGD-UP,DS,DS,15.4606,74.91508,MGD-UP-DS,7
MGD,UP,MGD-UP,HS,HS,15.45436,74.90865,MGD-UP-HS,7
MGD,UP,MGD-UP,STR,STR,15.44752,74.90261,MGD-UP-STR,7
KBI,UP,KBI-UP,DS,DS,15.47441,74.8442,KBI-UP-DS,7
KBI,UP,KBI-UP,HS,HS,15.46688,74.83883,KBI-UP-HS,7
KBI,UP,KBI-UP,STR,STR,15.46362,74.82815,KBI-UP-STR,7
GATE,UP,GATE-UP,DS,DS,15.46054,74.81543,GATE-UP-DS,7
GATE,UP,GATE-UP,GS,GS,15.45582,74.80476,GATE-UP-GS,7
IB,UP,IB-UP,DS,DS,15.44221,74.79004,IB-UP-DS,7
IB,UP,IB-UP,IBS,IBS,15.43819,74.78148,IB-UP-IBS,7
LWR,UP,LWR-UP,DS,DS,15.42567,74.75881,LWR-UP-DS,7
LWR,UP,LWR-UP,HS,HS,15.4251,74.74951,LWR-UP-HS,7
LWR,UP,LWR-UP,STR,STR,15.42484,74.73479,LWR-UP-STR,7
TVG,UP,TVG-UP,DS,DS,15.41067,74.68581,TVG-UP-DS,8
TVG,UP,TVG-UP,HS,HS,15.41196,74.67575,TVG-UP-HS,8
TVG,UP,TVG-UP,STR,STR,15.41332,74.66169,TVG-UP-STR,8
IB,UP,IB-UP,DS,DS,15.41774,74.63719,IB-UP-DS,8
IB,UP,IB-UP,IBS,IBS,15.42383,74.62712,IB-UP-IBS,8
DEV,UP,DEV-UP,DS,DS,15.43959,74.59533,DEV-UP-DS,8
DEV,UP,DEV-UP,HS,HS,15.44974,74.58663,DEV-UP-HS,8
DEV,UP,DEV-UP,STR,STR,15.45118,74.57422,DEV-UP-STR,8
SVTN,UP,SVTN-UP,DS,DS,15.46517,74.53792,SVTN-UP-DS,8
SVTN,UP,SVTN-UP,HS,HS,15.47388,74.53428,SVTN-UP-HS,8
SVTN,UP,SVTN-UP,STR,STR,15.47785,74.51918,SVTN-UP-STR,8
LD,UP,LD-UP,DS,DS,15.46688,74.51034,LD-UP-DS,8
LD,UP,LD-UP,HS,HS,15.45678,74.50659,LD-UP-HS,8
LD,UP,LD-UP,STR,STR,15.44926,74.49639,LD-UP-STR,8
GATE,UP,GATE-UP,DS,DS,15.45093,74.48789,GATE-UP-DS,9
GATE,UP,GATE-UP,GS,GS,15.45942,74.48493,GATE-UP-GS,9
GNJ,UP,GNJ-UP,DS,DS,15.51883,74.47403,GNJ-UP-DS,9
GNJ,UP,GNJ-UP,HS,HS,15.533,74.47669,GNJ-UP-HS,9
GNJ,UP,GNJ-UP,STR,STR,15.54508,74.48058,GNJ-UP-STR,9
KNP,UP,KNP-UP,DS,DS,15.62148,74.50182,KNP-UP-DS,9
KNP,UP,KNP-UP,HS,HS,15.62836,74.50511,KNP-UP-HS,9
KNP,UP,KNP-UP,STR,STR,15.64165,74.49798,KNP-UP-STR,9
DUR,UP,DUR-UP,DS,DS,15.72977,74.49919,DUR-UP-DS,9
GATE,UP,GATE-UP,GS,GS,15.73848,74.49789,GATE-UP-GS,9
DUR,UP,DUR-UP,HS,HS,15.74584,74.49722,DUR-UP-HS,9
DUR,UP,DUR-UP,STR,STR,15.76157,74.49906,DUR-UP-STR,9
GATE,UP,GATE-UP,DS,DS,15.80757,74.49947,GATE-UP-DS,9
GATE,UP,GATE-UP,GS,GS,15.81698,74.49973,GATE-UP-GS,9
GATE,UP,GATE-UP,GSDS,GSDS,15.82135,74.49971,GATE-UP-GSDS,9
GATE,UP,GATE-UP,GS,GS,15.83044,74.50004,GATE-UP-GS,9
BGM,UP,BGM-UP,HS,HS,15.83567,74.50093,BGM-UP-HS,9
BGM,UP,BGM-UP,RHS,RHS,15.84218,74.50352,BGM-UP-RHS,9
BGM,UP,BGM-UP,STR,STR,15.85078,74.51079,BGM-UP-STR,9
BGM,UP,BGM-UP,LSSDS,LSSDS,15.85352,74.51662,BGM-UP-LSSDS,9
GATE,UP,GATE-UP,GSDS,GSDS,15.85439,74.52696,GATE-UP-GSDS,9
GATE,UP,GATE-UP,GS,GS,15.86039,74.53388,GATE-UP-GS,9
SXB,UP,SXB-UP,DS,DS,15.87526,74.55915,SXB-UP-DS,9
SXB,UP,SXB-UP,HS,HS,15.87998,74.5686,SXB-UP-HS,9
SXB,UP,SXB-UP,STR,STR,15.88657,74.58269,SXB-UP-STR,9
SXB,UP,SXB-UP,LSSDS,LSSDS,15.888,74.58581,SXB-UP-LSSDS,9
GATE,UP,GATE-UP,GS,GS,15.8909,74.59216,GATE-UP-GS,9
SBH,UP,SBH-UP,DS,DS,15.90261,74.61867,SBH-UP-DS,9
SBH,UP,SBH-UP,HS,HS,15.90639,74.62729,SBH-UP-HS,9
SBH,UP,SBH-UP,STR,STR,15.91141,74.63871,SBH-UP-STR,9
GATE,UP,GATE-UP,DS,DS,15.95781,74.66983,GATE-UP-DS,9
GATE,UP,GATE-UP,GS,GS,15.96742,74.67158,GATE-UP-GS,9
SUL,UP,SUL-UP,DS,DS,15.98429,74.67463,SUL-UP-DS,9
SUL,UP,SUL-UP,HS,HS,15.99398,74.67641,SUL-UP-HS,9
SUL,UP,SUL-UP,STR,STR,16.00496,74.67854,SUL-UP-STR,9
SUL,UP,SUL-UP,LSSDS,LSSDS,16.00943,74.67981,SUL-UP-LSSDS,9
GATE,UP,GATE-UP,GS,GS,16.01863,74.68208,GATE-UP-GS,9
GATE,UP,GATE-UP,DS,DS,16.03147,74.68228,GATE-UP-DS,9
GATE,UP,GATE-UP,GS,GS,16.04162,74.6783,GATE-UP-GS,9
PCH,UP,PCH-UP,DS,DS,16.06012,74.67286,PCH-UP-DS,9
PCH,UP,PCH-UP,HS,HS,16.07053,74.67047,PCH-UP-HS,9
PCH,UP,PCH-UP,STR,STR,16.08106,74.67109,PCH-UP-STR,9
PCH,UP,PCH-UP,LSSDS,LSSDS,16.08444,74.6713,PCH-UP-LSSDS,9
GATE,UP,GATE-UP,GS,GS,16.09647,74.67446,GATE-UP-GS,9
IB,UP,IB-UP,DS,DS,16.13021,74.6895,IB-UP-DS,9
IB,UP,IB-UP,IBS,IBS,16.13831,74.69402,IB-UP-IBS,9
GKK,UP,GKK-UP,DS,DS,16.18549,74.73404,GKK-UP-DS,9
GKK,UP,GKK-UP,HS,HS,16.19507,74.7389,GKK-UP-HS,9
GKK,UP,GKK-UP,STR,STR,16.20888,74.73937,GKK-UP-STR,9
GATE,UP,GATE-UP,DS,DS,16.21226,74.74624,GATE-UP-DS,9
GATE,UP,GATE-UP,GSDS,GSDS,16.21613,74.75925,GATE-UP-GSDS,9
GPB,UP,GPB-UP,GSDS,GSDS,16.22493,74.76071,GPB-UP-GSDS,9
GPB,UP,GPB-UP,HS,HS,16.23407,74.76066,GPB-UP-HS,9
GPB,UP,GPB-UP,STR,STR,16.24484,74.75818,GPB-UP-STR,9
GATE,UP,GATE-UP,DS,DS,16.26435,74.75069,GATE-UP-DS,9
GATE,UP,GATE-UP,GS,GS,16.2734,74.74728,GATE-UP-GS,9
IB,UP,IB-UP,DS,DS,16.30135,74.7516,IB-UP-DS,9
IB,UP,IB-UP,IBS,IBS,16.31078,74.75514,IB-UP-IBS,9
CKR,UP,CKR-UP,DS,DS,16.35544,74.76701,CKR-UP-DS,9
CKR,UP,CKR-UP,HS,HS,16.36486,74.76857,CKR-UP-HS,9
CKR,UP,CKR-UP,STR,STR,16.37672,74.77069,CKR-UP-STR,9
IB,UP,IB-UP,DS,DS,16.41434,74.7852,IB-UP-DS,9
IB,UP,IB-UP,IBS,IBS,16.42314,74.7835,IB-UP-IBS,9
RBG,UP,RBG-UP,DS,DS,16.47115,74.80246,RBG-UP-DS,9
RBG,UP,RBG-UP,HS,HS,16.48059,74.8016,RBG-UP-HS,9
RBG,UP,RBG-UP,STR,STR,16.48627,74.81225,RBG-UP-STR,9
CNC,UP,CNC-UP,DS,DS,16.5487,74.84738,CNC-UP-DS,9
CNC,UP,CNC-UP,HS,HS,16.55727,74.85094,CNC-UP-HS,9
CNC,UP,CNC-UP,STR,STR,16.57086,74.85498,CNC-UP-STR,9
CNC,UP,CNC-UP,LSSDS,LSSDS,16.57407,74.85601,CNC-UP-LSSDS,9
GATE,UP,GATE-UP,GS,GS,16.58049,74.85775,GATE-UP-GS,9
KUD,UP,KUD-UP,DS,DS,16.60266,74.85815,KUD-UP-DS,9
KDU,UP,KDU-UP,HS,HS,16.61225,74.85834,KDU-UP-HS,9
KUD,UP,KUD-UP,STR,STR,16.62521,74.85855,KUD-UP-STR,9
UGR,UP,UGR-UP,DS,DS,16.65663,74.83515,UGR-UP-DS,9
UGR,UP,UGR-UP,HS,HS,16.66447,74.82718,UGR-UP-HS,9
UGR,UP,UGR-UP,STR,STR,16.67259,74.81839,UGR-UP-STR,9
SED,UP,SED-UP,DS,DS,16.7101,74.76458,SED-UP-DS,9
SED,UP,SED-UP,HS,HS,16.7173,74.75632,SED-UP-HS,9
SED,UP,SED-UP,STR,STR,16.72559,74.74743,SED-UP-STR,9
VJR,UP,VJR-UP,DS,DS,16.76883,74.71295,VJR-UP-DS,9
VJR,UP,VJR-UP,HS,HS,16.77191,74.70378,VJR-UP-HS,9
VJR,UP,VJR-UP,STR,STR,16.78,74.69445,VJR-UP-STR,9
GATE,UP,GATE-UP,DS,DS,16.79083,74.68207,GATE-UP-DS,9
GATE,UP,GATE-UP,GS,GS,16.79716,74.67481,GATE-UP-GS,9
MRJ,UP,MRJ-UP,DS,DS,16.80833,74.65643,MRJ-UP-DS,9
MRJ,UP,MRJ-UP,HS,HS,16.81006,74.64678,MRJ-UP-HS,9
MRJ,UP,MRJ-UP,RHS,RHS,16.81549,74.64037,MRJ-UP-RHS,9
MRJ,UP,MRJ-UP,STR,STR,16.82292,74.63787,MRJ-UP-STR,9
MRJ,DN,MRJ-DN,STR,STR,16.81759,74.63957,MRJ-DN-STR,35
GATE,DN,GATE-DN,DS,DS,16.80679,74.6635,GATE-DN-DS,35
GATE,DN,GATE-DN,GS,GS,16.79986,74.67185,GATE-DN-GS,35
VJR,DN,VJR-DN,DS,DS,16.7908,74.6822,VJR-DN-DS,35
VJR,DN,VJR-DN,HS,HS,16.78356,74.69055,VJR-DN-HS,35
VJR,DN,VJR-DN,STR,STR,16.77541,74.69971,VJR-DN-STR,35
SED,DN,SED-DN,DS,DS,16.73755,74.73945,SED-DN-DS,35
SED,DN,SED-DN,HS,HS,16.72892,74.74527,SED-DN-HS,35
SED,DN,SED-DN,STR,STR,16.71999,74.75324,SED-DN-STR,35
UGR,DN,UGR-DN,DS,DS,16.67679,74.80428,UGR-DN-DS,35
UGR,DN,UGR-DN,HS,HS,16.67485,74.81382,UGR-DN-HS,35
UGR,DN,UGR-DN,STR,STR,16.66741,74.82416,UGR-DN-STR,35
KUD,DN,KUD-DN,DS,DS,16.64211,74.8506,KUD-DN-DS,35
KUD,DN,KUD-DN,HS,HS,16.63143,74.85656,KUD-DN-HS,35
KUD,DN,KUD-DN,STR,STR,16.61702,74.85834,KUD-DN-STR,35
GATE,DN,GATE-DN,DS,DS,16.59343,74.85804,GATE-DN-DS,35
CNC,DN,CNC-DN,GSDS,GSDS,16.58429,74.85788,CNC-DN-GSDS,35
CNC,DN,CNC-DN,HS,HS,16.57512,74.85634,CNC-DN-HS,35
CNC,DN,CNC-DN,STR,STR,16.56452,74.8532,CNC-DN-STR,35
RBG,DN,RBG-DN,DS,DS,16.49861,74.821,RBG-DN-DS,35
RBG,DN,RBG-DN,HS,HS,16.48965,74.81598,RBG-DN-HS,35
RBG,DN,RBG-DN,STR,STR,16.48258,74.80532,RBG-DN-STR,35
IB,DN,IB-DN,DS,DS,16.42903,74.78588,IB-DN-DS,35
IB,DN,IB-DN,IBS,IBS,16.41892,74.78319,IB-DN-IBS,35
CKR,DN,CKR-DN,DS,DS,16.38992,74.7754,CKR-DN-DS,35
CKR,DN,CKR-DN,HS,HS,16.38054,74.77124,CKR-DN-HS,35
CKR,DN,CKR-DN,STR,STR,16.37023,74.76978,CKR-DN-STR,35
IB,DN,IB-DN,DS,DS,16.3161,74.75698,IB-DN-DS,35
IB,DN,IB-DN,IBS,IBS,16.3072,74.75316,IB-DN-IBS,35
GATE,DN,GATE-DN,DS,DS,16.28677,74.7491,GATE-DN-DS,35
GATE,DN,GATE-DN,GS,GS,16.27759,74.74754,GATE-DN-GS,35
GPB,DN,GPB-DN,DS,DS,16.25897,74.75282,GPB-DN-DS,35
GPB,DN,GPB-DN,HS,HS,16.24985,74.75622,GPB-DN-HS,35
GPB,DN,GPB-DN,STR,STR,16.23821,74.76053,GPB-DN-STR,35
GPB,DN,GPB-DN,LSSDS,LSSDS,16.23496,74.76078,GPB-DN-LSSDS,35
GATE,DN,GATE-DN,GSDS,GSDS,16.22985,74.76084,GATE-DN-GSDS,35
GATE,DN,GATE-DN,GS,GS,16.21957,74.76084,GATE-DN-GS,35
GKK,DN,GKK-DN,DS,DS,16.21292,74.75361,GKK-DN-DS,35
GKK,DN,GKK-DN,HS,HS,16.21186,74.74366,GKK-DN-HS,35
GKK,DN,GKK-DN,STR,STR,16.20072,74.73896,GKK-DN-STR,35
IB,DN,IB-DN,DS,DS,16.14121,74.69655,IB-DN-DS,35
IB,DN,IB-DN,IBS,IBS,16.13352,74.69092,IB-DN-IBS,35
GATE,DN,GATE-DN,DS,DS,16.10736,74.68086,GATE-DN-DS,35
GATE,DN,GATE-DN,GSDS,GSDS,16.09952,74.67649,GATE-DN-GSDS,35
PCH,DN,PCH-DN,HS,HS,16.08504,74.67138,PCH-DN-HS,35
PCH,DN,PCH-DN,STR,STR,16.07441,74.67076,PCH-DN-STR,35
GATE,DN,GATE-DN,DS,DS,16.05396,74.67475,GATE-DN-DS,35
GATE,DN,GATE-DN,GS,GS,16.04517,74.67731,GATE-DN-GS,35
GATE,DN,GATE-DN,DS,DS,16.03289,74.68186,GATE-DN-DS,35
SUL,DN,SUL-DN,GSDS,GSDS,16.02218,74.68285,SUL-DN-GSDS,35
SUL,DN,SUL-DN,HS,HS,16.00973,74.68001,SUL-DN-HS,35
SUL,DN,SUL-DN,STR,STR,15.9985,74.67727,SUL-DN-STR,35
GATE,DN,GATE-DN,DS,DS,15.97989,74.67391,GATE-DN-DS,35
GATE,DN,GATE-DN,GS,GS,15.97093,74.67229,GATE-DN-GS,35
SBH,DN,SBH-DN,DS,DS,15.92124,74.652,SBH-DN-DS,35
SBH,DN,SBH-DN,HS,HS,15.91392,74.64428,SBH-DN-HS,35
SBH,DN,SBH-DN,STR,STR,15.90877,74.63264,SBH-DN-STR,35
GATE,DN,GATE-DN,DS,DS,15.89654,74.60505,GATE-DN-DS,35
SXB,DN,SXB-DN,GSDS,GSDS,15.89271,74.59643,SXB-DN-GSDS,35
SXB,DN,SXB-DN,HS,HS,15.88878,74.58761,SXB-DN-HS,35
SXB,DN,SXB-DN,STR,STR,15.88309,74.57504,SXB-DN-STR,35
GATE,DN,GATE-DN,DS,DS,15.86807,74.54469,GATE-DN-DS,35
GATE,DN,GATE-DN,GSDS,GSDS,15.86333,74.53686,GATE-DN-GSDS,35
BGM,DN,BGM-DN,GSDS,GSDS,15.85665,74.53041,BGM-DN-GSDS,35
BGM,DN,BGM-DN,HS,HS,15.85408,74.5207,BGM-DN-HS,35
BGM,DN,BGM-DN,STR,STR,15.84585,74.50634,BGM-DN-STR,35
GATE,DN,GATE-DN,DS,DS,15.83058,74.49997,GATE-DN-DS,35
GATE,DN,GATE-DN,GS,GS,15.82152,74.49975,GATE-DN-GS,35
DUR,DN,DUR-DN,DS,DS,15.77674,74.49869,DUR-DN-DS,35
DUR,DN,DUR-DN,HS,HS,15.76719,74.49879,DUR-DN-HS,35
DUR,DN,DUR-DN,STR,STR,15.75291,74.49825,DUR-DN-STR,35
DUR,DN,DUR-DN,LSSDS,LSSDS,15.74721,74.49745,DUR-DN-LSSDS,35
GATE,DN,GATE-DN,GS,GS,15.74241,74.4974,GATE-DN-GS,35
KNP,DN,KNP-DN,DS,DS,15.65783,74.50045,KNP-DN-DS,35
KNP,DN,KNP-DN,HS,HS,15.64785,74.49849,KNP-DN-HS,35
KNP,DN,KNP-DN,STR,STR,15.63496,74.50077,KNP-DN-STR,35
GNJ,DN,GNJ-DN,DS,DS,15.56352,74.48084,GNJ-DN-DS,35
GNJ,DN,GNJ-DN,HS,HS,15.55361,74.48182,GNJ-DN-HS,35
GNJ,DN,GNJ-DN,STR,STR,15.53917,74.47836,GNJ-DN-STR,35
GATE,DN,GATE-DN,DS,DS,15.46948,74.47296,GATE-DN-DS,35
GATE,DN,GATE-DN,GS,GS,15.46279,74.48225,GATE-DN-GS,35
LD,DN,LD-DN,DS,DS,15.45433,74.48758,LD-DN-DS,35
LD,DN,LD-DN,HS,HS,15.44483,74.48998,LD-DN-HS,35
LD,DN,LD-DN,STR,STR,15.45427,74.5014,LD-DN-STR,35
SVTN,DN,SVTN-DN,DS,DS,15.4694,74.51188,SVTN-DN-DS,34
SVTN,DN,SVTN-DN,HS,HS,15.47636,74.51549,SVTN-DN-HS,34
SVTN,DN,SVTN-DN,STR,STR,15.47517,74.52587,SVTN-DN-STR,34
DEV,DN,DEV-DN,DS,DS,15.4468,74.55838,DEV-DN-DS,34
DEV,DN,DEV-DN,HS,HS,15.44865,74.56746,DEV-DN-HS,34
DEV,DN,DEV-DN,STR,STR,15.45289,74.58123,DEV-DN-STR,34
IB,DN,IB-DN,DS,DS,15.42426,74.60801,IB-DN-DS,34
IB,DN,IB-DN,IBS,IBS,15.42388,74.62233,IB-DN-IBS,34
TVG,DN,TVG-DN,DS,DS,15.4167,74.64118,TVG-DN-DS,34
TVG,DN,TVG-DN,HS,HS,15.41138,74.65264,TVG-DN-HS,34
TVG,DN,TVG-DN,STR,STR,15.41515,74.66779,TVG-DN-STR,34
LWR,DN,LWR-DN,DS,DS,15.42163,74.71863,LWR-DN-DS,34
LWR,DN,LWR-DN,HS,HS,15.4253,74.72759,LWR-DN-HS,34
LWR,DN,LWR-DN,STR,STR,15.42397,74.74417,LWR-DN-STR,34
IB,DN,IB-DN,DS,DS,15.42472,74.76951,IB-DN-DS,33
IB,DN,IB-DN,IBS,IBS,15.43202,74.77537,IB-DN-IBS,33
GATE,DN,GATE-DN,DS,DS,15.44548,74.79623,GATE-DN-DS,33
GATE,DN,GATE-DN,GS,GS,15.45345,74.8017,GATE-DN-GS,33
KBI,DN,KBI-DN,DS,DS,15.45935,74.8129,KBI-DN-DS,33
KBI,DN,KBI-DN,HS,HS,15.46336,74.82318,KBI-DN-HS,33
KBI,DN,KBI-DN,STR,STR,15.46505,74.83477,KBI-DN-STR,33
MGD,DN,MGD-DN,DS,DS,15.44836,74.88376,MGD-DN-DS,33
MGD,DN,MGD-DN,HS,HS,15.44884,74.89775,MGD-DN-HS,33
MGD,DN,MGD-DN,STR,STR,15.45059,74.90751,MGD-DN-STR,33
KRKP,DN,KRKP-DN,DS,DS,15.46505,74.9392,KRKP-DN-DS,33
KRKP,DN,KRKP-DN,HS,HS,15.45996,74.94707,KRKP-DN-HS,33
KRKP,DN,KRKP-DN,STR,STR,15.45214,74.96078,KRKP-DN-STR,33
KRKP,DN,KRKP-DN,LSSDS,LSSDS,15.44919,74.96285,KRKP-DN-LSSDS,33
GATE,DN,GATE-DN,GS,GS,15.4447,74.96609,GATE-DN-GS,33
DWR,DN,DWR-DN,DS,DS,15.44624,74.98076,DWR-DN-DS,33
DWR,DN,DWR-DN,HS,HS,15.44205,74.99243,DWR-DN-HS,33
DWR,DN,DWR-DN,STR,STR,15.43925,75.00744,DWR-DN-STR,33
NVU,DN,NVU-DN,DS,DS,15.42352,75.03657,NVU-DN-DS,33
NVU,DN,NVU-DN,HS,HS,15.42166,75.04599,NVU-DN-HS,33
NVU,DN,NVU-DN,STR,STR,15.41471,75.05721,NVU-DN-STR,33
BDKA,DN,BDKA-DN,DS,DS,15.41255,75.09279,BDKA-DN-DS,33
BDKA,DN,BDKA-DN,HS,HS,15.40864,75.10181,BDKA-DN-HS,33
BDKA,DN,BDKA-DN,STR,STR,15.39883,75.10923,BDKA-DN-STR,33
BDKA,DN,BDKA-DN,LSSDS,LSSDS,15.39417,75.11271,BDKA-DN-LSSDS,61
UNK,DN,UNK-DN,HS,HS,15.38802,75.11737,UNK-DN-HS,61
UNK,DN,UNK-DN,RHS,RHS,15.38041,75.12224,UNK-DN-RHS,61
UNK,DN,UNK-DN,STR,STR,15.3727,75.12529,UNK-DN-STR,61
UBL,DN,UBL-DN,DS,DS,15.36371,75.13511,UBL-DN-DS,61
UBL,DN,UBL-DN,HS,HS,15.35689,75.14122,UBL-DN-HS,61
UBL,DN,UBL-DN,STR,STR,15.34839,75.1538,UBL-DN-STR,61
LD,DN,LD-DN,STR,STR,15.44353,74.48956,LD-DN-STR,54
TGT,DN,TGT-DN,DS,DS,15.45462,74.42624,TGT-DN-DS,54
TGT,DN,TGT-DN,HS,HS,15.45353,74.41625,TGT-DN-HS,54
TGT,DN,TGT-DN,STR,STR,15.44888,74.40124,TGT-DN-STR,54
GATE,DN,GATE-DN,DS,DS,15.44408,74.3873,GATE-DN-DS,54
GATE,DN,GATE-DN,GS,GS,15.43916,74.38285,GATE-DN-GS,54
KSTD,DN,KSTD-DN,DS,DS,15.42339,74.35994,KSTD-DN-DS,54
KSTD,DN,KSTD-DN,STR,STR,15.41998,74.35115,KSTD-DN-STR,54
CLR,DN,CLR-DN,DS,DS,15.4179,74.34349,CLR-DN-DS,54
CLR,DN,CLR-DN,HS,HS,15.40995,74.33912,CLR-DN-HS,54
CLR,DN,CLR-DN,STR,STR,15.39893,74.33174,CLR-DN-STR,54
CRZ,DN,CRZ-DN,WRN,WRN,15.37276,74.30785,CRZ-DN-WRN,54
CRZ,DN,CRZ-DN,HS,HS,15.36425,74.30528,CRZ-DN-HS,54
CRZ,DN,CRZ-DN,STR,STR,15.35549,74.30759,CRZ-DN-STR,54
DDS,DN,DDS-DN,WRN,WRN,15.32904,74.30146,DDS-DN-WRN,54
DDS,DN,DDS-DN,HS,HS,15.3205,74.3009,DDS-DN-HS,54
DDS,DN,DDS-DN,STR,STR,15.31465,74.30769,DDS-DN-STR,54
LIM,DN,LIM-DN,WRN,WRN,15.30211,74.30573,LIM-DN-WRN,54
LIM,DN,LIM-DN,HS,HS,15.30941,74.30185,LIM-DN-HS,54
LIM,DN,LIM-DN,STR,STR,15.31063,74.293,LIM-DN-STR,54
QLM,DN,QLM-DN,DS,DS,15.3313,74.26185,QLM-DN-DS,54
QLM,DN,QLM-DN,HS,HS,15.33674,74.25477,QLM-DN-HS,54
QLM,DN,QLM-DN,STR,STR,15.32976,74.24131,QLM-DN-STR,54
KM,DN,KM-DN,DS,DS,15.2971,74.20005,KM-DN-DS,54
KM,DN,KM-DN,HS,HS,15.29414,74.18976,KM-DN-HS,54
KM,DN,KM-DN,STR,STR,15.28852,74.17657,KM-DN-STR,54
SVM,DN,SVM-DN,DS,DS,15.27377,74.12079,SVM-DN-DS,54
SVM,DN,SVM-DN,HS,HS,15.2658,74.11621,SVM-DN-HS,54
SVM,DN,SVM-DN,STR,STR,15.26407,74.10416,SVM-DN-STR,54
SVM,DN,SVM-DN,LSSDS,LSSDS,15.26388,74.0983,SVM-DN-LSSDS,54
GATE,DN,GATE-DN,GS,GS,15.26535,74.08713,GATE-DN-GS,54
GATE,DN,GATE-DN,DS,DS,15.26533,74.07976,GATE-DN-DS,54
GATE,DN,GATE-DN,GSDS,GSDS,15.2652,74.0703,GATE-DN-GSDS,54
CNR,DN,CNR-DN,HS,HS,15.26502,74.06071,CNR-DN-HS,54
CNR,DN,CNR-DN,STR,STR,15.26496,74.04798,CNR-DN-STR,54
GATE,DN,GATE-DN,DS,DS,15.26561,74.01317,GATE-DN-DS,54
GATE,DN,GATE-DN,GS,GS,15.26617,74.00392,GATE-DN-GS,54
MAO,DN,MAO-DN,DS,DS,15.26663,73.99656,MAO-DN-DS,54
MAO,DN,MAO-DN,HS,HS,15.26725,73.98727,MAO-DN-HS,54
MAO,DN,MAO-DN,RHS,RHS,15.26784,73.97394,MAO-DN-RHS,54
MAO,DN,MAO-DN,STR,STR,15.2682,73.96633,MAO-DN-STR,54
SA,DN,SA-DN,SAS,SAS,15.27076,73.95632,SA-DN-SAS,54
AUTO,DN,AUTO-DN,AS,AS,15.27919,73.94908,AUTO-DN-AS,54
GATE,DN,GATE-DN,SAGS,SAGS,15.2878,73.9423,GATE-DN-SAGS,54
AUTO,DN,AUTO-DN,AS,AS,15.29756,73.93459,AUTO-DN-AS,54
MJO,DN,MJO-DN,HS,HS,15.30643,73.9276,MJO-DN-HS,54
MJO,DN,MJO-DN,STR,STR,15.31517,73.92083,MJO-DN-STR,54
MJO,DN,MJO-DN,LSSDS,LSSDS,15.31943,73.91733,MJO-DN-LSSDS,54
GATE,DN,GATE-DN,GS,GS,15.3229,73.91459,GATE-DN-GS,54
CSM,DN,CSM-DN,DS,DS,15.32771,73.91089,CSM-DN-DS,54
CSM,DN,CSM-DN,HS,HS,15.3349,73.90524,CSM-DN-HS,54
CSM,DN,CSM-DN,STR,STR,15.34807,73.89487,CSM-DN-STR,54
CSM,DN,CSM-DN,LSSDS,LSSDS,15.34976,73.89354,CSM-DN-LSSDS,54
GATE,DN,GATE-DN,GS,GS,15.35479,73.88913,GATE-DN-GS,54
SKVL,DN,SKVL-DN,DS,DS,15.3627,73.88294,SKVL-DN-DS,54
SKVL,DN,SKVL-DN,HS,HS,15.36981,73.87706,SKVL-DN-HS,54
SKVL,DN,SKVL-DN,STR,STR,15.37074,73.86601,SKVL-DN-STR,54
VSG,DN,VSG-DN,DS,DS,15.38878,73.82967,VSG-DN-DS,54
VSG,DN,VSG-DN,HS,HS,15.39775,73.82105,VSG-DN-HS,54
VSG,DN,VSG-DN,STOP,STOP,15.3954,73.8089,VSG-DN-STOP,54
VSG,UP,VSG-UP,STR,STR,15.39727,73.81526,VSG-UP-STR,55
SKVL,UP,SKVL-UP,DS,DS,15.37735,73.85354,SKVL-UP-DS,55
SKVL,UP,SKVL-UP,HS,HS,15.37152,73.86089,SKVL-UP-HS,55
SKVL,UP,SKVL-UP,STR,STR,15.37153,73.87243,SKVL-UP-STR,55
GATE,UP,GATE-UP,DS,DS,15.36552,73.88077,GATE-UP-DS,55
GATE,UP,GATE-UP,GSDS,GSDS,15.3583,73.88646,GATE-UP-GSDS,55
CSM,UP,CSM-UP,HS,HS,15.35102,73.89234,CSM-UP-HS,55
CSM,UP,CSM-UP,STR,STR,15.34288,73.899,CSM-UP-STR,55
CSM,UP,CSM-UP,LSSGS,LSSGS,15.33766,73.90309,CSM-UP-LSSGS,55
GATE,UP,GATE-UP,DS,DS,15.33292,73.9068,GATE-UP-DS,55
GATE,UP,GATE-UP,GS,GS,15.32571,73.91244,GATE-UP-GS,55
MJO,UP,MJO-UP,HS,HS,15.32006,73.91684,MJO-UP-HS,55
MJO,UP,MJO-UP,STR,STR,15.31024,73.92455,MJO-UP-STR,55
SA,UP,SA-UP,SAS,SAS,15.30683,73.92723,SA-UP-SAS,55
AUTO,UP,AUTO-UP,AS,AS,15.29888,73.93352,AUTO-UP-AS,55
GATE,UP,GATE-UP,SAGS,SAGS,15.29092,73.93978,GATE-UP-SAGS,55
AUTO,UP,AUTO-UP,AS,AS,15.28329,73.94586,AUTO-UP-AS,55
MAO,UP,MAO-UP,HS,HS,15.27464,73.95268,MAO-UP-HS,55
MAO,UP,MAO-UP,RHS,RHS,15.26863,73.96181,MAO-UP-RHS,55
MAO,UP,MAO-UP,STR,STR,15.26808,73.96965,MAO-UP-STR,55
GATE,UP,GATE-UP,DS,DS,15.26692,73.99122,GATE-UP-DS,55
GATE,UP,GATE-UP,GS,GS,15.26643,73.99972,GATE-UP-GS,55
CNR,UP,CNR-UP,DS,DS,15.26583,74.03314,CNR-UP-DS,55
CNR,UP,CNR-UP,HS,HS,15.26493,74.04281,CNR-UP-HS,55
CNR,UP,CNR-UP,STR,STR,15.26496,74.05492,CNR-UP-STR,55
CNR,UP,CNR-UP,LSSDS,LSSDS,15.26502,74.05983,CNR-UP-LSSDS,55
GATE,UP,GATE-UP,GS,GS,15.26511,74.06608,GATE-UP-GS,55
GATE,UP,GATE-UP,DS,DS,15.26523,74.07396,GATE-UP-DS,55
GATE,UP,GATE-UP,GSDS,GSDS,15.26536,74.0834,GATE-UP-GSDS,55
SVM,UP,SVM-UP,HS,HS,15.26412,74.09706,SVM-UP-HS,55
SVM,UP,SVM-UP,STR,STR,15.2645,74.11168,SVM-UP-STR,55
KM,UP,KM-UP,DS,DS,15.28503,74.16248,KM-UP-DS,55
KM,UP,KM-UP,HS,HS,15.28771,74.17147,KM-UP-HS,55
KM,UP,KM-UP,STR,STR,15.29148,74.18417,KM-UP-STR,55
QLM,UP,QLM-UP,DS,DS,15.32089,74.23102,QLM-UP-DS,55
QLM,UP,QLM-UP,HS,HS,15.32631,74.23837,QLM-UP-HS,55
QLM,UP,QLM-UP,STR,STR,15.33541,74.24533,QLM-UP-STR,55
LIM,UP,LIM-UP,WRN,WRN,15.3174,74.28757,LIM-UP-WRN,55
LIM,UP,LIM-UP,RS,RS,15.31248,74.28894,LIM-UP-RS,55
LIM,UP,LIM-UP,HS,HS,15.31009,74.2913,LIM-UP-HS,55
LIM,UP,LIM-UP,STR,STR,15.30938,74.30033,LIM-UP-STR,55
DDS,UP,DDS-UP,WRN,WRN,15.3098,74.31644,DDS-UP-WRN,55
DDS,UP,DDS-UP,RS,RS,15.31225,74.31167,DDS-UP-RS,55
DDS,UP,DDS-UP,HS,HS,15.3133,74.30846,DDS-UP-HS,55
DDS,UP,DDS-UP,RS,RS,15.31828,74.30641,DDS-UP-RS,55
DDS,UP,DDS-UP,STR,STR,15.32042,74.30398,DDS-UP-STR,55
CRZ,UP,CRZ-UP,WRN,WRN,15.34724,74.30264,CRZ-UP-WRN,55
CRZ,UP,CRZ-UP,RS,RS,15.35084,74.30335,CRZ-UP-RS,55
CRZ,UP,CRZ-UP,HS,HS,15.35372,74.30705,CRZ-UP-HS,55
CRZ,UP,CRZ-UP,RS,RS,15.36105,74.3065,CRZ-UP-RS,55
CRZ,UP,CRZ-UP,STR,STR,15.36315,74.30612,CRZ-UP-STR,55
CLR,UP,CLR-UP,DS,DS,15.3902,74.3208,CLR-UP-DS,55
CLR,UP,CLR-UP,HS,HS,15.39778,74.32275,CLR-UP-HS,55
CLR,UP,CLR-UP,STR,STR,15.40044,74.33859,CLR-UP-STR,55
KSTD,UP,KSTD-UP,DS,DS,15.41111,74.34014,KSTD-UP-DS,55
KSTD,UP,KSTD-UP,STR,STR,15.41969,74.34548,KSTD-UP-STR,55
GATE,UP,GATE-UP,DS,DS,15.42622,74.38367,GATE-UP-DS,55
GATE,UP,GATE-UP,GS,GS,15.43487,74.38167,GATE-UP-GS,55
TGT,UP,TGT-UP,DS,DS,15.44165,74.38195,TGT-UP-DS,55
TGT,UP,TGT-UP,HS,HS,15.44729,74.39408,TGT-UP-HS,55
TGT,UP,TGT-UP,STR,STR,15.45109,74.40946,TGT-UP-STR,55
LD,UP,LD-UP,DS,DS,15.44676,74.47877,LD-UP-DS,55
LD,UP,LD-UP,HS,HS,15.44264,74.48643,LD-UP-HS,55
LD,DN,LD-DN,STR,STR,15.45427,74.5014,LD-DN-STR,55
GDG,DN,GDG-DN,STR,STR,15.43667,75.63817,GDG-DN-STR,12
GDG,DN,GDG-DN,LSSDS,LSSDS,15.43692,75.62945,GDG-DN-LSSDS,12
GDGB,DN,GDGB-DN,HS,HS,15.43919,75.62341,GDGB-DN-HS,12
HBL,DN,HBL-DN,DS,DS,15.50786,75.57926,HBL-DN-DS,12
HBL,DN,HBL-DN,HS,HS,15.516,75.5753,HBL-DN-HS,12
HBL,DN,HBL-DN,STR,STR,15.52762,75.5809,HBL-DN-STR,12
BLR,DN,BLR-DN,DS,DS,15.57989,75.60823,BLR-DN-DS,12
BLR,DN,BLR-DN,HS,HS,15.58828,75.60379,BLR-DN-HS,12
BLR,DN,BLR-DN,STR,STR,15.6005,75.60456,BLR-DN-STR,12
MLP,DN,MLP-DN,DS,DS,15.65786,75.61138,MLP-DN-DS,12
MLP,DN,MLP-DN,HS,HS,15.66811,75.61079,MLP-DN-HS,12
MLP,DN,MLP-DN,STR,STR,15.67875,75.61022,MLP-DN-STR,12
IB,DN,IB-DN,DS,DS,15.75578,75.6291,IB-DN-DS,12
IB,DN,IB-DN,IBS,IBS,15.76511,75.63162,IB-DN-IBS,12
HLAR,DN,HLAR-DN,DS,DS,15.80182,75.648,HLAR-DN-DS,12
HLAR,DN,HLAR-DN,HS,HS,15.81109,75.64614,HLAR-DN-HS,12
HLAR,DN,HLAR-DN,STR,STR,15.82307,75.64733,HLAR-DN-STR,12
LKY,DN,LKY-DN,DS,DS,15.85595,75.62891,LKY-DN-DS,12
LKY,DN,LKY-DN,HS,HS,15.86344,75.62367,LKY-DN-HS,12
LKY,DN,LKY-DN,STR,STR,15.87432,75.63002,LKY-DN-STR,12
BDM,DN,BDM-DN,DS,DS,15.94332,75.6705,BDM-DN-DS,12
BDM,DN,BDM-DN,HS,HS,15.95134,75.67506,BDM-DN-HS,12
BDM,DN,BDM-DN,STR,STR,15.96247,75.67753,BDM-DN-STR,12
BDM,DN,BDM-DN,LSSDS,LSSDS,15.96614,75.67818,BDM-DN-LSSDS,12
GATE,DN,GATE-DN,GS,GS,15.97328,75.67483,GATE-DN-GS,12
GED,DN,GED-DN,DS,DS,16.04877,75.68671,GED-DN-DS,12
GED,DN,GED-DN,HS,HS,16.05735,75.69043,GED-DN-HS,12
GED,DN,GED-DN,STR,STR,16.06718,75.69472,GED-DN-STR,12
GATE,DN,GATE-DN,DS,DS,16.11569,75.69619,GATE-DN-DS,12
GATE,DN,GATE-DN,GS,GS,16.12437,75.69219,GATE-DN-GS,12
BGK,DN,BGK-DN,DS,DS,16.15764,75.68913,BGK-DN-DS,12
BGK,DN,BGK-DN,HS,HS,16.16663,75.6919,BGK-DN-HS,12
BGK,DN,BGK-DN,STR,STR,16.18149,75.70394,BGK-DN-STR,12
MGL,DN,MGL-DN,DS,DS,16.21305,75.73916,MGL-DN-DS,13
MGL,DN,MGL-DN,HS,HS,16.22059,75.74492,MGL-DN-HS,13
MGL,DN,MGL-DN,STR,STR,16.22618,75.75653,MGL-DN-STR,13
JRKT,DN,JRKT-DN,DS,DS,16.26686,75.82878,JRKT-DN-DS,13
JRKT,DN,JRKT-DN,HS,HS,16.27435,75.83447,JRKT-DN-HS,13
JRKT,DN,JRKT-DN,STR,STR,16.28633,75.83868,JRKT-DN-STR,13
IB,DN,IB-DN,DS,DS,16.31751,75.8593,IB-DN-DS,13
IB,DN,IB-DN,IBS,IBS,16.32045,75.86826,IB-DN-IBS,13
GATE,DN,GATE-DN,DS,DS,16.31563,75.88686,GATE-DN-DS,13
GATE,DN,GATE-DN,GS,GS,16.3077,75.88932,GATE-DN-GS,13
LMT,DN,LMT-DN,DS,DS,16.32796,75.90074,LMT-DN-DS,13
LMT,DN,LMT-DN,HS,HS,16.33689,75.9021,LMT-DN-HS,13
LMT,DN,LMT-DN,STR,STR,16.34835,75.90096,LMT-DN-STR,13
WDL,DN,WDL-DN,DS,DS,16.40724,75.87642,WDL-DN-DS,13
WDL,DN,WDL-DN,HS,HS,16.41333,75.86901,WDL-DN-HS,13
WDL,DN,WDL-DN,STR,STR,16.42041,75.85748,WDL-DN-STR,13
BSRX,DN,BSRX-DN,DS,DS,16.45997,75.83899,BSRX-DN-DS,13
BSRX,DN,BSRX-DN,HS,HS,16.47258,75.83522,BSRX-DN-HS,13
BSRX,DN,BSRX-DN,STR,STR,16.48129,75.82695,BSRX-DN-STR,13
KDGI,DN,KDGI-DN,DS,DS,16.49626,75.82115,KDGI-DN-DS,13
KDGI,DN,KDGI-DN,HS,HS,16.50744,75.81965,KDGI-DN-HS,13
KDGI,DN,KDGI-DN,STR,STR,16.52069,75.8143,KDGI-DN-STR,13
MVD,DN,MVD-DN,DS,DS,16.60014,75.75351,MVD-DN-DS,13
MVD,DN,MVD-DN,HS,HS,16.60881,75.74965,MVD-DN-HS,13
MVD,DN,MVD-DN,STR,STR,16.6208,75.74673,MVD-DN-STR,13
GATE,DN,GATE-DN,DS,DS,16.66822,75.73504,GATE-DN-DS,13
GATE,DN,GATE-DN,GS,GS,16.67921,75.7322,GATE-DN-GS,13
JML,DN,JML-DN,DS,DS,16.7094,75.72284,JML-DN-DS,13
JML,DN,JML-DN,HS,HS,16.71795,75.71549,JML-DN-HS,13
JML,DN,JML-DN,STR,STR,16.72793,75.71196,JML-DN-STR,13
GATE,DN,GATE-DN,DS,DS,16.79219,75.71592,GATE-DN-DS,13
GATE,DN,GATE-DN,GS,GS,16.80111,75.71721,GATE-DN-GS,13
BJP,DN,BJP-DN,DS,DS,16.80866,75.7347,BJP-DN-DS,13
BJP,DN,BJP-DN,HS,HS,16.81631,75.73901,BJP-DN-HS,13
BJP,DN,BJP-DN,RHS,RHS,16.82359,75.7399,BJP-DN-RHS,13
BJP,DN,BJP-DN,STR,STR,16.83513,75.73963,BJP-DN-STR,13
BJP,DN,BJP-DN,ISTR,ISTR,16.83828,75.74079,BJP-DN-ISTR,13
GATE,DN,GATE-DN,DS,DS,16.84762,75.74458,GATE-DN-DS,13
GATE,DN,GATE-DN,GS,GS,16.85696,75.74841,GATE-DN-GS,13
AYB,DN,AYB-DN,DS,DS,16.87851,75.75871,AYB-DN-DS,13
AYB,DN,AYB-DN,HS,HS,16.88532,75.76478,AYB-DN-HS,13
AYB,DN,AYB-DN,STR,STR,16.89362,75.77405,AYB-DN-STR,13
MNL,DN,MNL-DN,DS,DS,16.9533,75.81116,MNL-DN-DS,13
MNL,DN,MNL-DN,HS,HS,16.96064,75.81664,MNL-DN-HS,13
MNL,DN,MNL-DN,STR,STR,16.97569,75.82288,MNL-DN-STR,13
IB,DN,IB-DN,DS,DS,17.04731,75.82127,IB-DN-DS,13
IB,DN,IB-DN,IBS,IBS,17.05623,75.82501,IB-DN-IBS,13
NBL,DN,NBL-DN,DS,DS,17.10289,75.86238,NBL-DN-DS,13
NBL,DN,NBL-DN,HS,HS,17.11279,75.86118,NBL-DN-HS,13
NBL,DN,NBL-DN,STR,STR,17.12374,75.85977,NBL-DN-STR,13
GATE,DN,GATE-DN,DS,DS,17.15375,75.86876,GATE-DN-DS,13
GATE,DN,GATE-DN,GS,GS,17.16283,75.86903,GATE-DN-GS,13
IDR,DN,IDR-DN,DS,DS,17.20602,75.89927,IDR-DN-DS,13
IDR,DN,IDR-DN,HS,HS,17.20845,75.9088,IDR-DN-HS,13
IDR,DN,IDR-DN,STR,STR,17.21147,75.92063,IDR-DN-STR,13
LHN,DN,LHN-DN,DS,DS,17.26305,75.9634,LHN-DN-DS,13
LHN,DN,LHN-DN,HS,HS,17.27194,75.96612,LHN-DN-HS,13
LHN,DN,LHN-DN,STR,STR,17.28102,75.97314,LHN-DN-STR,13
GATE,DN,GATE-DN,DS,DS,17.30591,75.98534,GATE-DN-DS,13
GATE,DN,GATE-DN,GS,GS,17.31497,75.98542,GATE-DN-GS,13
TVL,DN,TVL-DN,DS,DS,17.37615,75.97788,TVL-DN-DS,13
TVL,DN,TVL-DN,HS,HS,17.38643,75.97661,TVL-DN-HS,13
TVL,DN,TVL-DN,STR,STR,17.3982,75.97513,TVL-DN-STR,13
IB,DN,IB-DN,DS,DS,17.44331,75.97185,IB-DN-DS,13
IB,DN,IB-DN,IBS,IBS,17.45268,75.9736,IB-DN-IBS,13
HG,DN,HG-DN,DS,DS,17.53969,75.9951,HG-DN-DS,13
HG,DN,HG-DN,HS,HS,17.54876,75.99648,HG-DN-HS,13
HG,DN,HG-DN,RHS,RHS,17.56004,75.9953,HG-DN-RHS,13
HG,DN,HG-DN,STR,STR,17.56688,75.98727,HG-DN-STR,13
TKWD,DN,TKWD-DN,DS,DS,17.59778,75.95213,TKWD-DN-DS,14
TKWD,DN,TKWD-DN,IDS,IDS,17.60438,75.94539,TKWD-DN-IDS,14
TKWD,DN,TKWD-DN,HS,HS,17.61094,75.93823,TKWD-DN-HS,14
TKWD,DN,TKWD-DN,STR,STR,17.61742,75.93128,TKWD-DN-STR,14
SUR,DN,SUR-DN,DS,DS,17.64122,75.91262,SUR-DN-DS,14
SUR,DN,SUR-DN,IDS,IDS,17.64846,75.90632,SUR-DN-IDS,14
SUR,DN,SUR-DN,HS,HS,17.65551,75.90012,SUR-DN-HS,14
SUR,DN,SUR-DN,IDS,IDS,17.65966,75.8964,SUR-DN-IDS,14
SUR,DN,SUR-DN,STR,STR,17.66628,75.892,SUR-DN-STR,14
SUR,UP,SUR-UP,STR,STR,17.66227,75.89432,SUR-UP-STR,40
SUR,UP,SUR-UP,STR,STR,17.65589,75.89976,SUR-UP-STR,40
TKWD,UP,TKWD-UP,DS,DS,17.63879,75.91461,TKWD-UP-DS,40
TKWD,UP,TKWD-UP,IDS,IDS,17.62864,75.92264,TKWD-UP-IDS,40
TKWD,UP,TKWD-UP,HS,HS,17.62078,75.92771,TKWD-UP-HS,40
TKWD,UP,TKWD-UP,STR,STR,17.6127,75.93644,TKWD-UP-STR,40
HG,UP,HG-UP,DS,DS,17.58275,75.96881,HG-UP-DS,40
HG,UP,HG-UP,IDS,IDS,17.57696,75.97507,HG-UP-IDS,40
HG,UP,HG-UP,HS,HS,17.57085,75.98276,HG-UP-HS,40
HG,UP,HG-UP,RHS,RHS,17.56819,75.98595,HG-UP-RHS,40
HG,UP,HG-UP,STR,STR,17.56294,75.99207,HG-UP-STR,40
HG,UP,HG-UP,ISTR,ISTR,17.55812,75.9954,HG-UP-ISTR,39
HG,UP,HG-UP,ISTR,ISTR,17.55556,75.99507,HG-UP-ISTR,39
HG,UP,HG-UP,LSS,LSS,17.55086,75.99604,HG-UP-LSS,39
IB,UP,IB-UP,DS,DS,17.47365,75.98283,IB-UP-DS,39
IB,UP,IB-UP,IBS,IBS,17.46465,75.97686,IB-UP-IBS,39
TVL,UP,TVL-UP,DS,DS,17.41254,75.97337,TVL-UP-DS,39
TVL,UP,TVL-UP,HS,HS,17.40338,75.9745,TVL-UP-HS,39
TVL,UP,TVL-UP,STR,STR,17.39087,75.97598,TVL-UP-STR,39
GATE,UP,GATE-UP,DS,DS,17.32769,75.98196,GATE-UP-DS,39
GATE,UP,GATE-UP,GS,GS,17.31937,75.98523,GATE-UP-GS,39
LHN,UP,LHN-UP,DS,DS,17.29289,75.98216,LHN-UP-DS,39
LHN,UP,LHN-UP,HS,HS,17.28437,75.97564,LHN-UP-HS,39
LHN,UP,LHN-UP,STR,STR,17.2759,75.96906,LHN-UP-STR,39
IDR,UP,IDR-UP,DS,DS,17.22103,75.93393,IDR-UP-DS,39
IDR,UP,IDR-UP,HS,HS,17.21392,75.92637,IDR-UP-HS,39
IDR,UP,IDR-UP,STR,STR,17.20998,75.91451,IDR-UP-STR,39
GATE,UP,GATE-UP,DS,DS,17.17658,75.87045,GATE-UP-DS,39
GATE,UP,GATE-UP,GS,GS,17.1667,75.86909,GATE-UP-GS,39
NBL,UP,NBL-UP,DS,DS,17.13623,75.86322,NBL-UP-DS,39
NBL,UP,NBL-UP,HS,HS,17.12789,75.85935,NBL-UP-HS,39
NBL,UP,NBL-UP,STR,STR,17.11738,75.86059,NBL-UP-STR,39
IB,UP,IB-UP,DS,DS,17.05608,75.82467,IB-UP-DS,39
IB,UP,IB-UP,IBS,IBS,17.04881,75.82048,IB-UP-IBS,39
MNL,UP,MNL-UP,DS,DS,16.99645,75.82385,MNL-UP-DS,39
MNL,UP,MNL-UP,HS,HS,16.98403,75.82246,MNL-UP-HS,39
MNL,UP,MNL-UP,STR,STR,16.96945,75.82163,MNL-UP-STR,39
AYB,UP,AYB-UP,DS,DS,16.90631,75.7868,AYB-UP-DS,39
AYB,UP,AYB-UP,HS,HS,16.89763,75.77837,AYB-UP-HS,39
AYB,UP,AYB-UP,STR,STR,16.88857,75.77001,AYB-UP-STR,39
GATE,UP,GATE-UP,DS,DS,16.86927,75.75343,GATE-UP-DS,39
GATE,UP,GATE-UP,GS,GS,16.86058,75.74988,GATE-UP-GS,39
BJP,UP,BJP-UP,DS,DS,16.85319,75.74683,BJP-UP-DS,39
BJP,UP,BJP-UP,HS,HS,16.84445,75.74319,BJP-UP-HS,39
BJP,UP,BJP-UP,IHS,IHS,16.83997,75.74131,BJP-UP-IHS,39
BJP,UP,BJP-UP,STR,STR,16.82863,75.73968,BJP-UP-STR,39
BJP,UP,BJP-UP,RSTR,RSTR,16.82556,75.73982,BJP-UP-RSTR,39
GATE,UP,GATE-UP,DS,DS,16.80644,75.73082,GATE-UP-DS,39
GATE,UP,GATE-UP,GS,GS,16.80381,75.72124,GATE-UP-GS,39
JML,UP,JML-UP,DS,DS,16.74261,75.70972,JML-UP-DS,39
JML,UP,JML-UP,HS,HS,16.73343,75.71115,JML-UP-HS,39
JML,UP,JML-UP,STR,STR,16.72186,75.71395,JML-UP-STR,39
GATE,UP,GATE-UP,DS,DS,16.69216,75.72902,GATE-UP-DS,39
GATE,UP,GATE-UP,GS,GS,16.68314,75.73126,GATE-UP-GS,39
MVD,UP,MVD-UP,DS,DS,16.63488,75.74322,MVD-UP-DS,39
MVD,UP,MVD-UP,HS,HS,16.62594,75.74545,MVD-UP-HS,39
MVD,UP,MVD-UP,STR,STR,16.61447,75.74827,MVD-UP-STR,39
KDGI,UP,KDGI-UP,DS,DS,16.53731,75.8074,KDGI-UP-DS,39
KDGI,UP,KDGI-UP,HS,HS,16.52949,75.81215,KDGI-UP-HS,39
KDGI,UP,KDGI-UP,STR,STR,16.51332,75.81789,KDGI-UP-STR,39
BSRX,UP,BSRX-UP,DS,DS,16.49433,75.82146,BSRX-UP-DS,39
BSRX,UP,BSRX-UP,HS,HS,16.48529,75.82346,BSRX-UP-HS,39
BSRX,UP,BSRX-UP,STR,STR,16.47645,75.83152,BSRX-UP-STR,39
WDL,UP,WDL-UP,DS,DS,16.43034,75.84864,WDL-UP-DS,39
WDL,UP,WDL-UP,HS,HS,16.4228,75.85341,WDL-UP-HS,39
WDL,UP,WDL-UP,STR,STR,16.4167,75.86375,WDL-UP-STR,39
LMT,UP,LMT-UP,DS,DS,16.3661,75.89143,LMT-UP-DS,39
LMT,UP,LMT-UP,HS,HS,16.35845,75.89754,LMT-UP-HS,39
LMT,UP,LMT-UP,STR,STR,16.34167,75.90176,LMT-UP-STR,39
GATE,UP,GATE-UP,DS,DS,16.31542,75.89763,GATE-UP-DS,39
GATE,UP,GATE-UP,GS,GS,16.30773,75.89333,GATE-UP-GS,39
IB,UP,IB-UP,DS,DS,16.32152,75.87135,IB-UP-DS,39
IB,UP,IB-UP,IBS,IBS,16.31851,75.86224,IB-UP-IBS,39
JRKT,UP,JRKT-UP,DS,DS,16.29863,75.84502,JRKT-UP-DS,39
JRKT,UP,JRKT-UP,HS,HS,16.29036,75.83965,JRKT-UP-HS,39
JRKT,UP,JRKT-UP,STR,STR,16.28017,75.83718,JRKT-UP-STR,39
MGL,UP,MGL-UP,DS,DS,16.2308,75.77224,MGL-UP-DS,39
MGL,UP,MGL-UP,HS,HS,16.22897,75.76309,MGL-UP-HS,39
MGL,UP,MGL-UP,STR,STR,16.22348,75.74972,MGL-UP-STR,39
BGK,UP,BGK-UP,DS,DS,16.19446,75.7185,BGK-UP-DS,39
BGK,UP,BGK-UP,HS,HS,16.18712,75.71276,BGK-UP-HS,39
BGK,UP,BGK-UP,RHS,RHS,16.18312,75.70628,BGK-UP-RHS,39
BGK,UP,BGK-UP,STR,STR,16.17616,75.69592,BGK-UP-STR,39
GATE,UP,GATE-UP,DS,DS,16.13755,75.69031,GATE-UP-DS,38
GATE,UP,GATE-UP,GS,GS,16.12794,75.69098,GATE-UP-GS,38
GED,UP,GED-UP,DS,DS,16.08197,75.69867,GED-UP-DS,38
GED,UP,GED-UP,HS,HS,16.07256,75.69701,GED-UP-HS,38
GED,UP,GED-UP,STR,STR,16.06109,75.69209,GED-UP-STR,38
GATE,UP,GATE-UP,DS,DS,15.98486,75.66841,GATE-UP-DS,38
GATE,UP,GATE-UP,GSDS,GSDS,15.97666,75.67294,GATE-UP-GSDS,38
BDM,UP,BDM-UP,HS,HS,15.96745,75.67794,BDM-UP-HS,38
BDM,UP,BDM-UP,STR,STR,15.95632,75.67618,BDM-UP-STR,38
LKY,UP,LKY-UP,DS,DS,15.88706,75.63746,LKY-UP-DS,38
LKY,UP,LKY-UP,HS,HS,15.87841,75.63239,LKY-UP-HS,38
LKY,UP,LKY-UP,STR,STR,15.86837,75.6265,LKY-UP-STR,38
HLAR,UP,HLAR-UP,DS,DS,15.84249,75.6497,HLAR-UP-DS,38
HLAR,UP,HLAR-UP,HS,HS,15.83331,75.64877,HLAR-UP-HS,38
HLAR,UP,HLAR-UP,STR,STR,15.81646,75.64648,HLAR-UP-STR,38
IB,UP,IB-UP,DS,DS,15.77003,75.63531,IB-UP-DS,38
IB,UP,IB-UP,IBS,IBS,15.7621,75.63078,IB-UP-IBS,38
MLP,UP,MLP-UP,DS,DS,15.69268,75.6133,MLP-UP-DS,38
MLP,UP,MLP-UP,HS,HS,15.68297,75.60997,MLP-UP-HS,38
MLP,UP,MLP-UP,STR,STR,15.67222,75.61052,MLP-UP-STR,38
BLR,UP,BLR-UP,DS,DS,15.61441,75.60894,BLR-UP-DS,38
BLR,UP,BLR-UP,HS,HS,15.60389,75.60731,BLR-UP-HS,38
BLR,UP,BLR-UP,STR,STR,15.59437,75.6026,BLR-UP-STR,38
HBL,UP,HBL-UP,DS,DS,15.53947,75.58808,HBL-UP-DS,38
HBL,UP,HBL-UP,HS,HS,15.53123,75.58296,HBL-UP-HS,38
HBL,UP,HBL-UP,STR,STR,15.52185,75.57751,HBL-UP-STR,38
GDGB,UP,GDGB-UP,DS,DS,15.45669,75.61802,GDGB-UP-DS,38
GDGB,UP,GDGB-UP,HS,HS,15.4483,75.62148,GDGB-UP-HS,38
GDGB,UP,GDGB-UP,LSSDS,LSSDS,15.44456,75.62183,GDGB-UP-LSSDS,38
GDG,UP,GDG-UP,HS,HS,15.43695,75.62874,GDG-UP-HS,38
GDG,UP,GDG-UP,STR,STR,15.4372,75.64679,GDG-UP-STR,38
SUBL,DN,SUBL-DN,HS,HS,15.3428,75.17089,SUBL-DN-HS,11
SUBL,DN,SUBL-DN,STR,STR,15.32975,75.17746,SUBL-DN-STR,11
GATE,DN,GATE-DN,DS,DS,15.26895,75.23332,GATE-DN-DS,11
GATE,DN,GATE-DN,GS,GS,15.26524,75.2419,GATE-DN-GS,11
KNO,DN,KNO-DN,HS,HS,15.26282,75.24655,KNO-DN-HS,11
KNO,DN,KNO-DN,STR,STR,15.25504,75.25366,KNO-DN-STR,11
SNH,DN,SNH-DN,DS,DS,15.21763,75.28613,SNH-DN-DS,11
SNH,DN,SNH-DN,HS,HS,15.21028,75.29336,SNH-DN-HS,11
SNH,DN,SNH-DN,STR,STR,15.20202,75.30144,SNH-DN-STR,11
GDI,DN,GDI-DN,DS,DS,15.13973,75.35202,GDI-DN-DS,11
GDI,DN,GDI-DN,HS,HS,15.13051,75.35648,GDI-DN-HS,11
GDI,DN,GDI-DN,STR,STR,15.12112,75.36103,GDI-DN-STR,11
YLG,DN,YLG-DN,DS,DS,15.05396,75.40517,YLG-DN-DS,11
YLG,DN,YLG-DN,HS,HS,15.04332,75.40983,YLG-DN-HS,11
YLG,DN,YLG-DN,STR,STR,15.0296,75.41181,YLG-DN-STR,11
SVNR,DN,SVNR-DN,DS,DS,14.9817,75.41007,SVNR-DN-DS,11
SVNR,DN,SVNR-DN,HS,HS,14.97157,75.40948,SVNR-DN-HS,11
SVNR,DN,SVNR-DN,STR,STR,14.96054,75.40656,SVNR-DN-STR,11
GATE,DN,GATE-DN,DS,DS,14.86776,75.40966,GATE-DN-DS,11
GATE,DN,GATE-DN,GS,GS,14.85902,75.41076,GATE-DN-GS,11
KJG,DN,KJG-DN,HS,HS,14.85605,75.41012,KJG-DN-HS,11
KJG,DN,KJG-DN,STR,STR,14.84637,75.40562,KJG-DN-STR,11
GATE,DN,GATE-DN,DS,DS,14.81743,75.39779,GATE-DN-DS,11
GATE,DN,GATE-DN,GS,GS,14.80847,75.39868,GATE-DN-GS,11
HVR,DN,HVR-DN,HS,HS,14.80328,75.40424,HVR-DN-HS,11
HVR,DN,HVR-DN,STR,STR,14.79144,75.41335,HVR-DN-STR,11
IB,DN,IB-DN,DS,DS,14.74418,75.44077,IB-DN-DS,11
IB,DN,IB-DN,IBS,IBS,14.73793,75.44882,IB-DN-IBS,11
BYD,DN,BYD-DN,DS,DS,14.71078,75.47872,BYD-DN-DS,11
BYD,DN,BYD-DN,HS,HS,14.70277,75.48526,BYD-DN-HS,11
BYD,DN,BYD-DN,STR,STR,14.69664,75.49394,BYD-DN-STR,11
DAD,DN,DAD-DN,DS,DS,14.66747,75.55887,DAD-DN-DS,11
DAD,DN,DAD-DN,HS,HS,14.66777,75.57077,DAD-DN-HS,11
DAD,DN,DAD-DN,STR,STR,14.66774,75.58176,DAD-DN-STR,11
RNR,DN,RNR-DN,DS,DS,14.63717,75.6213,RNR-DN-DS,11
RNR,DN,RNR-DN,HS,HS,14.63134,75.62884,RNR-DN-HS,11
RNR,DN,RNR-DN,STR,STR,14.6231,75.63987,RNR-DN-STR,11
RNR,DN,RNR-DN,LSSDS,LSSDS,14.62056,75.64328,RNR-DN-LSSDS,11
GATE,DN,GATE-DN,GS,GS,14.61705,75.64797,GATE-DN-GS,11
IB,DN,IB-DN,DS,DS,14.59878,75.68113,IB-DN-DS,11
IB,DN,IB-DN,IBS,IBS,14.59246,75.6894,IB-DN-IBS,11
CLI,DN,CLI-DN,DS,DS,14.57116,75.72191,CLI-DN-DS,11
CLI,DN,CLI-DN,HS,HS,14.56465,75.72983,CLI-DN-HS,11
CLI,DN,CLI-DN,STR,STR,14.55767,75.74279,CLI-DN-STR,11
GATE,DN,GATE-DN,DS,DS,14.54819,75.75602,GATE-DN-DS,11
GATE,DN,GATE-DN,GS,GS,14.54167,75.76261,GATE-DN-GS,11
KMPS,DN,KMPS-DN,DS,DS,14.53363,75.77075,KMPS-DN-DS,11
KMPS,DN,KMPS-DN,HS,HS,14.52667,75.78109,KMPS-DN-HS,11
HRR,DN,HRR-DN,DS,DS,14.52066,75.79483,HRR-DN-DS,11
HRR,DN,HRR-DN,HS,HS,14.51933,75.8043,HRR-DN-HS,11
HRR,DN,HRR-DN,STR,STR,14.51303,75.81592,HRR-DN-STR,11
GATE,DN,GATE-DN,DS,DS,14.50747,75.82606,GATE-DN-DS,11
GATE,DN,GATE-DN,GS,GS,14.50309,75.83467,GATE-DN-GS,11
AVC,DN,AVC-DN,HS,HS,14.50145,75.84102,AVC-DN-HS,11
AVC,DN,AVC-DN,STR,STR,14.49817,75.85467,AVC-DN-STR,11
DVG,DN,DVG-DN,DS,DS,14.47485,75.90327,DVG-DN-DS,66
DVG,DN,DVG-DN,HS,HS,14.47039,75.91233,DVG-DN-HS,66
DVG,DN,DVG-DN,STR,STR,14.46753,75.92289,DVG-DN-STR,66
GATE,DN,GATE-DN,DS,DS,14.44275,75.94311,GATE-DN-DS,66
GATE,DN,GATE-DN,GS,GS,14.43465,75.94719,GATE-DN-GS,66
GATE,DN,GATE-DN,DS,DS,14.42017,75.95448,GATE-DN-DS,66
GATE,DN,GATE-DN,GS,GS,14.41176,75.95875,GATE-DN-GS,66
THN,DN,THN-DN,HS,HS,14.40533,75.96201,THN-DN-HS,66
THN,DN,THN-DN,STR,STR,14.39469,75.96735,THN-DN-STR,66
GATE,DN,GATE-DN,DS,DS,14.3649,75.99107,GATE-DN-DS,66
GATE,DN,GATE-DN,GS,GS,14.3589,75.99845,GATE-DN-GS,66
KAG,DN,KAG-DN,DS,DS,14.33908,76.02276,KAG-DN-DS,66
KAG,DN,KAG-DN,HS,HS,14.33315,76.03004,KAG-DN-HS,66
KAG,DN,KAG-DN,STR,STR,14.32675,76.03789,KAG-DN-STR,66
GATE,DN,GATE-DN,DS,DS,14.30084,76.06449,GATE-DN-DS,66
GATE,DN,GATE-DN,GSDS,GSDS,14.29431,76.07101,GATE-DN-GSDS,66
MYK,DN,MYK-DN,HS,HS,14.28442,76.08087,MYK-DN-HS,66
MYK,DN,MYK-DN,STR,STR,14.27575,76.08808,MYK-DN-STR,66
GATE,DN,GATE-DN,DS,DS,14.2653,76.0925,GATE-DN-DS,66
GATE,DN,GATE-DN,GS,GS,14.25683,76.09606,GATE-DN-GS,66
GATE,DN,GATE-DN,DS,DS,14.23921,76.1035,GATE-DN-DS,66
MYK,DN,MYK-DN,GSDS,GSDS,14.23093,76.10699,MYK-DN-GSDS,66
SLU,DN,SLU-DN,HS,HS,14.22145,76.11098,SLU-DN-HS,66
SLU,DN,SLU-DN,STR,STR,14.20662,76.11601,SLU-DN-STR,66
SLU,DN,SLU-DN,LSSDS,LSSDS,14.20176,76.11739,SLU-DN-LSSDS,66
GATE,DN,GATE-DN,GS,GS,14.19777,76.11853,GATE-DN-GS,66
GATE,DN,GATE-DN,DS,DS,14.18736,76.12151,GATE-DN-DS,66
GATE,DN,GATE-DN,GS,GS,14.17745,76.12434,GATE-DN-GS,66
JRU,DN,JRU-DN,DS,DS,14.14257,76.13431,JRU-DN-DS,66
JRU,DN,JRU-DN,HS,HS,14.13405,76.13674,JRU-DN-HS,66
JRU,DN,JRU-DN,STR,STR,14.11988,76.14079,JRU-DN-STR,66
HLK,DN,HLK-DN,DS,DS,14.05794,76.13354,HLK-DN-DS,67
HLK,DN,HLK-DN,HS,HS,14.04864,76.13202,HLK-DN-HS,67
HLK,DN,HLK-DN,STR,STR,14.03742,76.1302,HLK-DN-STR,67
RGI,DN,RGI-DN,DS,DS,13.96407,76.12151,RGI-DN-DS,67
RGI,DN,RGI-DN,HS,HS,13.95522,76.12394,RGI-DN-HS,67
RGI,DN,RGI-DN,STR,STR,13.94401,76.12677,RGI-DN-STR,67
GATE,DN,GATE-DN,DS,DS,13.90637,76.1354,GATE-DN-DS,67
GATE,DN,GATE-DN,GS,GS,13.89742,76.13744,GATE-DN-GS,67
HSD,DN,HSD-DN,DS,DS,13.8786,76.13914,HSD-DN-DS,67
HSD,DN,HSD-DN,HS,HS,13.86937,76.13776,HSD-DN-HS,67
HSD,DN,HSD-DN,STR,STR,13.86093,76.13161,HSD-DN-STR,67
GATE,DN,GATE-DN,DS,DS,13.82447,76.07597,GATE-DN-DS,67
GATE,DN,GATE-DN,GS,GS,13.81931,76.06767,GATE-DN-GS,67
SHV,DN,SHV-DN,HS,HS,13.81675,76.06355,SHV-DN-HS,67
SHV,DN,SHV-DN,STR,STR,13.80744,76.05575,SHV-DN-STR,67
AJP,DN,AJP-DN,DS,DS,13.74994,76.01279,AJP-DN-DS,67
AJP,DN,AJP-DN,HS,HS,13.74043,76.0115,AJP-DN-HS,67
AJP,DN,AJP-DN,STR,STR,13.72952,76.01041,AJP-DN-STR,67
NVF,DN,NVF-DN,DS,DS,13.67628,76.00489,NVF-DN-DS,67
NVF,DN,NVF-DN,HS,HS,13.66953,75.99836,NVF-DN-HS,67
NVF,DN,NVF-DN,STR,STR,13.66289,75.98973,NVF-DN-STR,67
GATE,DN,GATE-DN,DS,DS,13.62863,75.95755,GATE-DN-DS,67
GATE,DN,GATE-DN,GS,GS,13.61569,75.95712,GATE-DN-GS,67
RRB,DN,RRB-DN,DS,DS,13.60713,75.96236,RRB-DN-DS,67
RRB,DN,RRB-DN,HS,HS,13.59945,75.96813,RRB-DN-HS,67
RRB,DN,RRB-DN,STR,STR,13.58852,75.97641,RRB-DN-STR,67
DRU,DN,DRU-DN,DS,DS,13.56516,76.00108,DRU-DN-DS,67
DRU,DN,DRU-DN,HS,HS,13.55764,76.00853,DRU-DN-HS,67
DRU,DN,DRU-DN,STR,STR,13.54575,76.00821,DRU-DN-STR,67
DRU,DN,DRU-DN,LSSDS,LSSDS,13.54138,76.00793,DRU-DN-LSSDS,67
GATE,DN,GATE-DN,GS,GS,13.53072,76.00724,GATE-DN-GS,67
BLKR,DN,BLKR-DN,DS,DS,13.51516,76.01409,BLKR-DN-DS,67
BLKR,DN,BLKR-DN,HS,HS,13.50786,76.0194,BLKR-DN-HS,67
BLKR,DN,BLKR-DN,STR,STR,13.49759,76.02688,BLKR-DN-STR,67
BLKR,DN,BLKR-DN,LSSDS,LSSDS,13.49463,76.02904,BLKR-DN-LSSDS,67
GATE,DN,GATE-DN,GS,GS,13.48366,76.03703,GATE-DN-GS,67
IB,DN,IB-DN,DS,DS,13.47013,76.04686,IB-DN-DS,67
IB,DN,IB-DN,IBS,IBS,13.46327,76.05292,IB-DN-IBS,67
VNR,DN,VNR-DN,DS,DS,13.44575,76.07848,VNR-DN-DS,67
VNR,DN,VNR-DN,HS,HS,13.44,76.08677,VNR-DN-HS,67
VNR,DN,VNR-DN,STR,STR,13.43296,76.097,VNR-DN-STR,67
BVR,DN,BVR-DN,DS,DS,13.40857,76.12859,BVR-DN-DS,67
BVR,DN,BVR-DN,HS,HS,13.40098,76.13642,BVR-DN-HS,67
BVR,DN,BVR-DN,STR,STR,13.39265,76.14345,BVR-DN-STR,67
IB,DN,IB-DN,DS,DS,13.37041,76.1783,IB-DN-DS,67
IB,DN,IB-DN,IBS,IBS,13.36576,76.18626,IB-DN-IBS,67
GATE,DN,GATE-DN,DS,DS,13.34881,76.19826,GATE-DN-DS,67
GATE,DN,GATE-DN,GS,GS,13.34275,76.20527,GATE-DN-GS,67
ASK,DN,ASK-DN,DS,DS,13.32881,76.23407,ASK-DN-DS,67
ASK,DN,ASK-DN,HS,HS,13.32228,76.24227,ASK-DN-HS,67
ASK,DN,ASK-DN,STR,STR,13.31358,76.25324,ASK-DN-STR,68
ASK,UP,ASK-UP,STR,STR,13.31593,76.24997,ASK-UP-STR,68
GATE,UP,GATE-UP,DS,DS,13.33748,76.21793,GATE-UP-DS,68
GATE,UP,GATE-UP,GS,GS,13.34092,76.20953,GATE-UP-GS,68
IB,UP,IB-UP,DS,DS,13.35109,76.1968,IB-UP-DS,68
IB,UP,IB-UP,IBS,IBS,13.35928,76.19181,IB-UP-IBS,68
BVR,UP,BVR-UP,DS,DS,13.38367,76.15546,BVR-UP-DS,68
BVR,UP,BVR-UP,HS,HS,13.38848,76.14728,BVR-UP-HS,68
BVR,UP,BVR-UP,STR,STR,13.39765,76.13908,BVR-UP-STR,68
VNR,UP,VNR-UP,DS,DS,13.42417,76.1085,VNR-UP-DS,68
VNR,UP,VNR-UP,HS,HS,13.43047,76.10053,VNR-UP-HS,68
VNR,UP,VNR-UP,STR,STR,13.43645,76.09175,VNR-UP-STR,68
IB,UP,IB-UP,DS,DS,13.45784,76.06072,IB-UP-DS,68
IB,UP,IB-UP,IBS,IBS,13.46272,76.05362,IB-UP-IBS,68
GATE,UP,GATE-UP,DS,DS,13.47261,76.04499,GATE-UP-DS,68
GATE,UP,GATE-UP,GS,GS,13.48015,76.0395,GATE-UP-GS,68
BLKR,UP,BLKR-UP,DS,DS,13.48471,76.03619,BLKR-UP-DS,68
BLKR,UP,BLKR-UP,HS,HS,13.49253,76.0305,BLKR-UP-HS,68
BLKR,UP,BLKR-UP,STR,STR,13.50276,76.02317,BLKR-UP-STR,68
GATE,UP,GATE-UP,DS,DS,13.51851,76.01157,GATE-UP-DS,68
GATE,UP,GATE-UP,GSDS,GSDS,13.52632,76.00706,GATE-UP-GSDS,68
DRU,UP,DRU-UP,HS,HS,13.54004,76.00778,DRU-UP-HS,68
DRU,UP,DRU-UP,STR,STR,13.5522,76.00854,DRU-UP-STR,68
RRB,UP,RRB-UP,DS,DS,13.57809,75.98422,RRB-UP-DS,68
RRB,UP,RRB-UP,HS,HS,13.58561,75.97853,RRB-UP-HS,68
RRB,UP,RRB-UP,STR,STR,13.59476,75.97156,RRB-UP-STR,68
GATE,UP,GATE-UP,DS,DS,13.60447,75.96431,GATE-UP-DS,68
GATE,UP,GATE-UP,GS,GS,13.61192,75.95867,GATE-UP-GS,68
NVF,UP,NVF-UP,DS,DS,13.65428,75.97847,NVF-UP-DS,68
NVF,UP,NVF-UP,HS,HS,13.66005,75.98596,NVF-UP-HS,68
NVF,UP,NVF-UP,STR,STR,13.66674,75.99455,NVF-UP-STR,68
AJP,UP,AJP-UP,DS,DS,13.71453,76.00883,AJP-UP-DS,68
AJP,UP,AJP-UP,HS,HS,13.72405,76.00979,AJP-UP-HS,68
AJP,UP,AJP-UP,STR,STR,13.73584,76.01092,AJP-UP-STR,68
SHV,UP,SHV-UP,DS,DS,13.79618,76.04719,SHV-UP-DS,68
SHV,UP,SHV-UP,HS,HS,13.80398,76.05307,SHV-UP-HS,68
SHV,UP,SHV-UP,STR,STR,13.81255,76.05948,SHV-UP-STR,68
SHV,UP,SHV-UP,LSSDS,LSSDS,13.8149,76.06132,SHV-UP-LSSDS,68
GATE,UP,GATE-UP,GS,GS,13.81715,76.06407,GATE-UP-GS,68
HSD,UP,HSD-UP,DS,DS,13.85244,76.12093,HSD-UP-DS,68
HSD,UP,HSD-UP,HS,HS,13.85754,76.12883,HSD-UP-HS,68
HSD,UP,HSD-UP,STR,STR,13.86591,76.13525,HSD-UP-STR,68
GATE,UP,GATE-UP,DS,DS,13.88376,76.13963,GATE-UP-DS,68
GATE,UP,GATE-UP,GS,GS,13.89305,76.13835,GATE-UP-GS,68
RGI,UP,RGI-UP,DS,DS,13.9296,76.13001,RGI-UP-DS,68
RGI,UP,RGI-UP,HS,HS,13.93939,76.12778,RGI-UP-HS,68
RGI,UP,RGI-UP,STR,STR,13.95087,76.12504,RGI-UP-STR,68
HLK,UP,HLK-UP,DS,DS,14.02239,76.1277,HLK-UP-DS,68
HLK,UP,HLK-UP,HS,HS,14.03192,76.12921,HLK-UP-HS,68
HLK,UP,HLK-UP,STR,STR,14.04413,76.13118,HLK-UP-STR,68
JRU,UP,JRU-UP,DS,DS,14.10437,76.14101,JRU-UP-DS,68
JRU,UP,JRU-UP,HS,HS,14.11428,76.14225,JRU-UP-HS,68
JRU,UP,JRU-UP,STR,STR,14.12743,76.13858,JRU-UP-STR,68
GATE,UP,GATE-UP,DS,DS,14.16511,76.1278,GATE-UP-DS,69
GATE,UP,GATE-UP,GS,GS,14.17367,76.12536,GATE-UP-GS,69
GATE,UP,GATE-UP,DS,DS,14.18477,76.12219,GATE-UP-DS,69
GATE,UP,GATE-UP,GSDS,GSDS,14.19376,76.11962,GATE-UP-GSDS,69
SLU,UP,SLU-UP,HS,HS,14.19964,76.11794,SLU-UP-HS,69
SLU,UP,SLU-UP,STR,STR,14.21294,76.1143,SLU-UP-STR,69
SLU,UP,SLU-UP,LSSDS,LSSDS,14.22081,76.11117,SLU-UP-LSSDS,69
SLU,UP,SLU-UP,GS,GS,14.22692,76.10859,SLU-UP-GS,69
GATE,UP,GATE-UP,DS,DS,14.24416,76.10132,GATE-UP-DS,69
GATE,UP,GATE-UP,GS,GS,14.25302,76.09758,GATE-UP-GS,69
MYK,UP,MYK-UP,DS,DS,14.26189,76.09383,MYK-UP-DS,69
MYK,UP,MYK-UP,HS,HS,14.27047,76.09021,MYK-UP-HS,69
MYK,UP,MYK-UP,STR,STR,14.28075,76.08432,MYK-UP-STR,69
MYK,UP,MYK-UP,LSSDS,LSSDS,14.28363,76.0815,MYK-UP-LSSDS,69
GATE,UP,GATE-UP,GS,GS,14.29118,76.07398,GATE-UP-GS,69
KAG,UP,KAG-UP,DS,DS,14.31509,76.05012,KAG-UP-DS,69
KAG,UP,KAG-UP,HS,HS,14.32202,76.0432,KAG-UP-HS,69
KAG,UP,KAG-UP,STR,STR,14.32991,76.03379,KAG-UP-STR,69
GATE,UP,GATE-UP,DS,DS,14.35,76.00923,GATE-UP-DS,69
GATE,UP,GATE-UP,GS,GS,14.35597,76.00191,GATE-UP-GS,69
THN,UP,THN-UP,DS,DS,14.38185,75.97374,THN-UP-DS,69
THN,UP,THN-UP,HS,HS,14.39021,75.96955,THN-UP-HS,69
THN,UP,THN-UP,STR,STR,14.401,75.96407,THN-UP-STR,69
THN,UP,THN-UP,LSSDS,LSSDS,14.40483,75.9622,THN-UP-LSSDS,69
GATE,UP,GATE-UP,GS,GS,14.40813,75.96054,GATE-UP-GS,69
GATE,UP,GATE-UP,DS,DS,14.42236,75.9534,GATE-UP-DS,69
GATE,UP,GATE-UP,GS,GS,14.43081,75.94915,GATE-UP-GS,69
DVG,UP,DVG-UP,DS,DS,14.45638,75.93624,DVG-UP-DS,69
DVG,UP,DVG-UP,HS,HS,14.46631,75.92768,DVG-UP-HS,69
DVG,UP,DVG-UP,STR,STR,14.46889,75.91675,DVG-UP-STR,69
AVC,UP,AVC-UP,DS,DS,14.49065,75.87103,AVC-UP-DS,69
AVC,UP,AVC-UP,HS,HS,14.49505,75.86209,AVC-UP-HS,69
AVC,UP,AVC-UP,STR,STR,14.49953,75.8485,AVC-UP-STR,69
AVC,UP,AVC-UP,LSSDS,LSSDS,14.50107,75.8424,AVC-UP-LSSDS,37
GATE,UP,GATE-UP,GS,GS,14.50193,75.83887,GATE-UP-GS,37
HRR,UP,HRR-UP,DS,DS,14.50383,75.83269,HRR-UP-DS,37
HRR,UP,HRR-UP,HS,HS,14.50891,75.82333,HRR-UP-HS,37
HRR,UP,HRR-UP,STR,STR,14.51583,75.81048,HRR-UP-STR,37
KMPS,UP,KMPS-UP,DS,DS,14.52051,75.79579,KMPS-UP-DS,37
KMPS,UP,KMPS-UP,HS,HS,14.52264,75.78732,KMPS-UP-HS,37
GATE,UP,GATE-UP,DS,DS,14.53232,75.77211,GATE-UP-DS,37
GATE,UP,GATE-UP,GS,GS,14.53871,75.76551,GATE-UP-GS,37
CLI,UP,CLI-UP,DS,DS,14.54952,75.75458,CLI-UP-DS,37
CLI,UP,CLI-UP,HS,HS,14.55607,75.74565,CLI-UP-HS,37
CLI,UP,CLI-UP,STR,STR,14.56177,75.73495,CLI-UP-STR,37
IB,UP,IB-UP,DS,DS,14.58425,75.70014,IB-UP-DS,37
IB,UP,IB-UP,IBS,IBS,14.59066,75.69165,IB-UP-IBS,37
GATE,UP,GATE-UP,DS,DS,14.61367,75.66238,GATE-UP-DS,37
GATE,UP,GATE-UP,GSDS,GSDS,14.61444,75.65309,GATE-UP-GSDS,37
RNR,UP,RNR-UP,HS,HS,14.61915,75.64506,RNR-UP-HS,37
RNR,UP,RNR-UP,STR,STR,14.62667,75.63495,RNR-UP-STR,37
DAD,UP,DAD-UP,DS,DS,14.66073,75.59495,DAD-UP-DS,37
DAD,UP,DAD-UP,HS,HS,14.66605,75.58673,DAD-UP-HS,37
DAD,UP,DAD-UP,STR,STR,14.668,75.57508,DAD-UP-STR,37
BYD,UP,BYD-UP,DS,DS,14.68785,75.51124,BYD-UP-DS,37
BYD,UP,BYD-UP,HS,HS,14.69484,75.49804,BYD-UP-HS,37
BYD,UP,BYD-UP,STR,STR,14.70017,75.48846,BYD-UP-STR,37
IB,UP,IB-UP,DS,DS,14.72792,75.45647,IB-UP-DS,37
IB,UP,IB-UP,IBS,IBS,14.73871,75.44755,IB-UP-IBS,37
HVR,UP,HVR-UP,DS,DS,14.7789,75.42286,HVR-UP-DS,37
HVR,UP,HVR-UP,HS,HS,14.78635,75.41697,HVR-UP-HS,37
HVR,UP,HVR-UP,STR,STR,14.80011,75.40751,HVR-UP-STR,37
HVR,UP,HVR-UP,LSSDS,LSSDS,14.80288,75.4046,HVR-UP-LSSDS,37
GATE,UP,GATE-UP,GS,GS,14.80568,75.40157,GATE-UP-GS,37
KJG,UP,KJG-UP,DS,DS,14.83363,75.39953,KJG-UP-DS,37
KJG,UP,KJG-UP,HS,HS,14.84279,75.40388,KJG-UP-HS,37
KJG,UP,KJG-UP,STR,STR,14.85299,75.40877,KJG-UP-STR,37
SVNR,UP,SVNR-UP,DS,DS,14.94714,75.40478,SVNR-UP-DS,37
SVNR,UP,SVNR-UP,HS,HS,14.95727,75.40581,SVNR-UP-HS,37
SVNR,UP,SVNR-UP,STR,STR,14.96786,75.40853,SVNR-UP-STR,37
YLG,UP,YLG-UP,DS,DS,15.01408,75.414,YLG-UP-DS,37
YLG,UP,YLG-UP,HS,HS,15.02406,75.41262,YLG-UP-HS,37
YLG,UP,YLG-UP,STR,STR,15.03705,75.41077,YLG-UP-STR,37
GDI,UP,GDI-UP,DS,DS,15.10815,75.36949,GDI-UP-DS,37
GDI,UP,GDI-UP,HS,HS,15.11555,75.36375,GDI-UP-HS,37
GDI,UP,GDI-UP,STR,STR,15.12716,75.35814,GDI-UP-STR,37
SNH,UP,SNH-UP,DS,DS,15.19206,75.31481,SNH-UP-DS,37
SNH,UP,SNH-UP,HS,HS,15.19749,75.30714,SNH-UP-HS,37
SNH,UP,SNH-UP,STR,STR,15.20712,75.29652,SNH-UP-STR,37
KNO,UP,KNO-UP,DS,DS,15.24358,75.26424,KNO-UP-DS,37
KNO,UP,KNO-UP,HS,HS,15.2519,75.25656,KNO-UP-HS,37
KNO,UP,KNO-UP,STR,STR,15.2601,75.24913,KNO-UP-STR,37
SUBL,UP,SUBL-UP,DS,DS,15.31719,75.18386,SUBL-UP-DS,37
SUBL,UP,SUBL-UP,HS,HS,15.32564,75.17958,SUBL-UP-HS,37
SUBL,UP,SUBL-UP,STR,STR,15.33667,75.17402,SUBL-UP-STR,37
SUBL,UP,SUBL-UP,LSSDS,LSSDS,15.34121,75.17173,SUBL-UP-LSSDS,37
UBL,UP,UBL-UP,HS,HS,15.34508,75.16911,UBL-UP-HS,37
UBL,UP,UBL-UP,STR,STR,15.35195,75.14765,UBL-UP-STR,37
GIN,DN,GIN-DN,LSS,LSS,15.34785,76.25298,GIN-DN-LSS,24
BDGU,DN,BDGU-DN,DS,DS,15.382,76.28313,BDGU-DN-DS,24
BDGU,DN,BDGU-DN,HS,HS,15.38997,76.29107,BDGU-DN-HS,24
BDGU,DN,BDGU-DN,STR,STR,15.39803,76.29998,BDGU-DN-STR,24
JBGD,DN,JBGD-DN,DS,DS,15.4281,76.34985,JBGD-DN-DS,24
JBGD,DN,JBGD-DN,HS,HS,15.4273,76.36028,JBGD-DN-HS,24
JBGD,DN,JBGD-DN,STR,STR,15.42327,76.37163,JBGD-DN-STR,24
CKBK,DN,CKBK-DN,DS,DS,15.4294,76.42332,CKBK-DN-DS,24
CKBK,DN,CKBK-DN,HS,HS,15.42884,76.4335,CKBK-DN-HS,24
CKBK,DN,CKBK-DN,STR,STR,15.42815,76.44676,CKBK-DN-STR,24
GGVT,DN,GGVT-DN,DS,DS,15.44822,76.53124,GGVT-DN-DS,24
GGVT,DN,GGVT-DN,HS,HS,15.44527,76.54011,GGVT-DN-HS,24
GGVT,DN,GGVT-DN,STR,STR,15.44104,76.55276,GGVT-DN-STR,24
SIDG,DN,SIDG-DN,DS,DS,15.50822,76.62897,SIDG-DN-DS,24
SIDG,DN,SIDG-DN,HS,HS,15.51586,76.63483,SIDG-DN-HS,24
SIDG,DN,SIDG-DN,STR,STR,15.525,76.64182,SIDG-DN-STR,24
KTGG,DN,KTGG-DN,DS,DS,15.60196,76.67152,KTGG-DN-DS,24
KTGG,DN,KTGG-DN,HS,HS,15.61034,76.67454,KTGG-DN-HS,24
KTGG,DN,KTGG-DN,STR,STR,15.62218,76.67877,KTGG-DN-STR,24
GEBL,DN,GEBL-DN,DS,DS,15.67119,76.73105,GEBL-DN-DS,24
GEBL,DN,GEBL-DN,HS,HS,15.6793,76.73685,GEBL-DN-HS,24
GEBL,DN,GEBL-DN,STR,STR,15.689,76.74371,GEBL-DN-STR,24
SNNR,DN,SNNR-DN,DS,DS,15.73935,76.76219,SNNR-DN-DS,24
SNNR,DN,SNNR-DN,HS,HS,15.74849,76.76553,SNNR-DN-HS,24
SNNR,DN,SNNR-DN,STOP,STOP,15.76026,76.76976,SNNR-DN-STOP,24
SNNR,UP,SNNR-UP,STR,STR,15.75479,76.76777,SNNR-UP-STR,50
GEBL,UP,GEBL-UP,DS,DS,15.70144,76.75268,GEBL-UP-DS,50
GEBL,UP,GEBL-UP,HS,HS,15.69327,76.74682,GEBL-UP-HS,50
GEBL,UP,GEBL-UP,STR,STR,15.68368,76.73989,GEBL-UP-STR,50
KTGG,UP,KTGG-UP,DS,DS,15.63667,76.6847,KTGG-UP-DS,50
KTGG,UP,KTGG-UP,HS,HS,15.62805,76.6809,KTGG-UP-HS,50
KTGG,UP,KTGG-UP,STR,STR,15.61713,76.67691,KTGG-UP-STR,50
SIDG,UP,SIDG-UP,DS,DS,15.53849,76.64857,SIDG-UP-DS,50
SIDG,UP,SIDG-UP,HS,HS,15.5295,76.64507,SIDG-UP-HS,50
SIDG,UP,SIDG-UP,STR,STR,15.52027,76.6381,SIDG-UP-STR,50
GGVT,UP,GGVT-UP,DS,DS,15.43588,76.56801,GGVT-UP-DS,50
GGVT,UP,GGVT-UP,HS,HS,15.43888,76.55913,GGVT-UP-HS,50
GGVT,UP,GGVT-UP,STR,STR,15.44313,76.54674,GGVT-UP-STR,50
CKBK,UP,CKBK-UP,DS,DS,15.42871,76.46248,CKBK-UP-DS,50
CKBK,UP,CKBK-UP,HS,HS,15.42781,76.45271,CKBK-UP-HS,50
CKBK,UP,CKBK-UP,STR,STR,15.42856,76.44053,CKBK-UP-STR,50
JBGD,UP,JBGD-UP,DS,DS,15.4215,76.38645,JBGD-UP-DS,50
JBGD,UP,JBGD-UP,HS,HS,15.42151,76.37665,JBGD-UP-HS,50
JBGD,UP,JBGD-UP,STR,STR,15.42548,76.36571,JBGD-UP-STR,50
BDGU,UP,BDGU-UP,DS,DS,15.40844,76.31155,BDGU-UP-DS,50
BDGU,UP,BDGU-UP,HS,HS,15.40166,76.30402,BDGU-UP-HS,50
BDGU,UP,BDGU-UP,STR,STR,15.39397,76.2954,BDGU-UP-STR,50
GIN,UP,GIN-UP,DS,DS,15.34638,76.26528,GIN-UP-DS,29
GIN,UP,GIN-UP,HS,HS,15.34783,76.2556,GIN-UP-HS,29
GIN,UP,GIN-UP,STR,STR,15.34794,76.24074,GIN-UP-STR,29
TLKL,DN,TLKL-DN,LSS,LSS,15.39722,75.99548,TLTKL-DN-LSS,23
KANR,DN,KANR-DN,DS,DS,15.46868,75.99845,KANR-DN-DS,23
KANR,DN,KANR-DN,HS,HS,15.47729,75.99444,KANR-DN-HS,23
KANR,DN,KANR-DN,STR,STR,15.48763,75.98687,KANR-DN-STR,23
SGNL,DN,SGNL-DN,DS,DS,15.54692,75.97644,SGNL-DN-DS,23
SGNL,DN,SGNL-DN,HS,HS,15.55583,75.97883,SGNL-DN-HS,23
SGNL,DN,SGNL-DN,STR,STR,15.56651,75.98172,SGNL-DN-STR,23
YLBA,DN,YLBA-DN,DS,DS,15.59571,76.01199,YLBA-DN-DS,23
YLBA,DN,YLBA-DN,HS,HS,15.59927,76.02043,YLBA-DN-HS,23
YLBA,DN,YLBA-DN,STR,STR,15.60972,76.02761,YLBA-DN-STR,23
GATE,DN,GATE-DN,DS,DS,15.61582,76.03244,GATE-DN-DS,23
GATE,DN,GATE-DN,GS,GS,15.62101,76.04028,GATE-DN-GS,23
HAPR,DN,HAPR-DN,DS,DS,15.62799,76.05146,HAPR-DN-DS,23
HAPR,DN,HAPR-DN,HS,HS,15.63249,76.05976,HAPR-DN-HS,23
HAPR,DN,HAPR-DN,STR,STR,15.63792,76.06979,HAPR-DN-STR,23
LNBI,DN,LNBI-DN,DS,DS,15.66245,76.13963,LNBI-DN-DS,23
LNBI,DN,LNBI-DN,HS,HS,15.67111,76.14422,LNBI-DN-HS,23
LNBI,DN,LNBI-DN,STR,STR,15.68117,76.14946,LNBI-DN-STR,23
GATE,DN,GATE-DN,DS,DS,15.72655,76.17835,GATE-DN-DS,23
GATE,DN,GATE-DN,GS,GS,15.7326,76.18536,GATE-DN-GS,23
KHTI,DN,KHTI-DN,DS,DS,15.73532,76.19006,KHTI-DN-DS,23
KHTI,DN,KHTI-DN,HS,HS,15.74003,76.19796,KHTI-DN-HS,23
KHTI,DN,KHTI-DN,STOP,STOP,15.75007,76.20682,KHTI-DN-STOP,23
KHTI,UP,KHTI-UP,STR,STR,15.74389,76.20236,KHTI-UP-STR,49
GATE,UP,GATE-UP,DS,DS,15.73937,76.19714,GATE-UP-DS,49
GATE,UP,GATE-UP,GS,GS,15.73471,76.18883,GATE-UP-GS,49
LNBI,UP,LNBI-UP,DS,DS,15.69356,76.1559,LNBI-UP-DS,49
LNBI,UP,LNBI-UP,HS,HS,15.68534,76.15164,LNBI-UP-HS,49
LNBI,UP,LNBI-UP,STR,STR,15.67521,76.14634,LNBI-UP-STR,49
HAPR,UP,HAPR-UP,DS,DS,15.64522,76.0832,HAPR-UP-DS,49
HAPR,UP,HAPR-UP,HS,HS,15.64063,76.07474,HAPR-UP-HS,49
HAPR,UP,HAPR-UP,STR,STR,15.63465,76.06369,HAPR-UP-STR,49
GATE,UP,GATE-UP,DS,DS,15.62792,76.05136,GATE-UP-DS,49
GATE,UP,GATE-UP,GS,GS,15.62304,76.04335,GATE-UP-GS,49
YLBA,UP,YLBA-UP,DS,DS,15.62042,76.03937,YLBA-UP-DS,49
YLBA,UP,YLBA-UP,HS,HS,15.61517,76.0316,YLBA-UP-HS,49
YLBA,UP,YLBA-UP,STR,STR,15.60411,76.02378,YLBA-UP-STR,49
SGNL,UP,SGNL-UP,DS,DS,15.57972,75.98526,SGNL-UP-DS,49
SGNL,UP,SGNL-UP,HS,HS,15.5708,75.98285,SGNL-UP-HS,49
SGNL,UP,SGNL-UP,STR,STR,15.55995,75.97994,SGNL-UP-STR,49
KANR,UP,KANR-UP,DS,DS,15.50004,75.97772,KANR-UP-DS,49
KANR,UP,KANR-UP,HS,HS,15.49224,75.98345,KANR-UP-HS,49
KANR,UP,KANR-UP,STR,STR,15.48212,75.99087,KANR-UP-STR,49
TLKL,UP,TLKL-UP,DS,DS,15.40398,76.00501,TLKL-UP-DS,49
TLKL,UP,TLKL-UP,HS,HS,15.39742,75.9991,TLKL-UP-HS,49
TLKL,UP,TLKL-UP,STR,STR,15.39895,75.9844,TLKL-UP-STR,49
HPT,UP,HPT-UP,STR,STR,15.28793,76.38426,HPT-UP-STR,16
HPT,UP,HPT-UP,LSSDS,LSSDS,15.28481,76.37752,HPT-UP-LSSDS,16
GATE,UP,GATE-UP,GS,GS,15.28271,76.37702,GATE-UP-GS,16
GATE,UP,GATE-UP,DS,DS,15.27508,76.37399,GATE-UP-DS,16
GATE,UP,GATE-UP,GSDS,GSDS,15.27093,76.3655,GATE-UP-GSDS,16
GATE,UP,GATE-UP,GSDS,GSDS,15.2663,76.36259,GATE-UP-GSDS,16
GATE,UP,GATE-UP,GS,GS,15.26284,76.35456,GATE-UP-GS,16
VYS,UP,VYS-UP,DS,DS,15.24822,76.35958,VYS-UP-DS,16
VYS,UP,VYS-UP,HS,HS,15.23972,76.36012,VYS-UP-HS,16
VYS,UP,VYS-UP,STR,STR,15.2289,76.36609,VYS-UP-STR,16
VYS,UP,VYS-UP,LSSDS,LSSDS,15.22644,76.36776,VYS-UP-LSSDS,16
GATE,UP,GATE-UP,GS,GS,15.21837,76.37218,GATE-UP-GS,16
VC,UP,VC-UP,DS,DS,15.20031,76.38304,VC-UP-DS,16
VC,UP,VC-UP,HS,HS,15.19139,76.38168,VC-UP-HS,16
VC,UP,VC-UP,STR,STR,15.18103,76.38434,VC-UP-STR,16
HBI,UP,HBI-UP,DS,DS,15.06227,76.21521,HBI-UP-DS,17
HBI,UP,HBI-UP,HS,HS,15.05552,76.20853,HBI-UP-HS,17
HBI,UP,HBI-UP,STR,STR,15.045,76.20995,HBI-UP-STR,17
KTY,UP,KTY-UP,DS,DS,14.84145,76.2214,KTY-UP-DS,17
KTY,UP,KTY-UP,HS,HS,14.83264,76.2188,KTY-UP-HS,17
KTY,UP,KTY-UP,STR,STR,14.82367,76.21033,KTY-UP-STR,17
BEHI,UP,BEHI-UP,DS,DS,14.79689,76.13401,BEHI-UP-DS,17
BEHI,UP,BEHI-UP,HS,HS,14.79192,76.12633,BEHI-UP-HS,17
BEHI,UP,BEHI-UP,STR,STR,14.78638,76.11569,BEHI-UP-STR,17
HPHI,UP,HPHI-UP,DS,DS,14.7737,76.00301,HPHI-UP-DS,17
HPHI,UP,HPHI-UP,HS,HS,14.77275,75.99296,HPHI-UP-HS,17
HPHI,UP,HPHI-UP,STR,STR,14.77432,75.97916,HPHI-UP-STR,17
TLGI,UP,TLGI-UP,DS,DS,14.67759,75.90287,TLGI-UP-DS,17
TLGI,UP,TLGI-UP,HS,HS,14.66764,75.89898,TLGI-UP-HS,17
TLGI,UP,TLGI-UP,STR,STR,14.65638,75.89761,TLGI-UP-STR,17
AVC,UP,AVC-UP,DS,DS,14.51582,75.84017,AVC-UP-DS,17
AVC,UP,AVC-UP,HS,HS,14.50313,75.84245,AVC-UP-HS,17
AVC,UP,AVC-UP,STR,STR,14.4982,75.85474,AVC-UP-STR,17
TLGI,DN,TLGI-DN,DS,DS,14.64099,75.89308,TLGI-DN-DS,43
TLGI,DN,TLGI-DN,HS,HS,14.64963,75.89581,TLGI-DN-HS,43
TLGI,DN,TLGI-DN,STR,STR,14.66212,75.89829,TLGI-DN-STR,43
HPHI,DN,HPHI-DN,DS,DS,14.77404,75.96306,HPHI-DN-DS,43
HPHI,DN,HPHI-DN,HS,HS,14.7749,75.97355,HPHI-DN-HS,43
HPHI,DN,HPHI-DN,STR,STR,14.77328,75.98746,HPHI-DN-STR,43
BEHI,DN,BEHI-DN,DS,DS,14.78277,76.1009,BEHI-DN-DS,43
BEHI,DN,BEHI-DN,HS,HS,14.78493,76.11027,BEHI-DN-HS,43
BEHI,DN,BEHI-DN,STR,STR,14.78874,76.12151,BEHI-DN-STR,43
KTY,DN,KTY-DN,DS,DS,14.81554,76.19843,KTY-DN-DS,43
KTY,DN,KTY-DN,HS,HS,14.81979,76.20649,KTY-DN-HS,43
KTY,DN,KTY-DN,STR,STR,14.82803,76.21463,KTY-DN-STR,43
HBI,DN,HBI-DN,DS,DS,15.03195,76.21428,HBI-DN-DS,43
HBI,DN,HBI-DN,HS,HS,15.04031,76.21058,HBI-DN-HS,43
HBI,DN,HBI-DN,STR,STR,15.05102,76.20881,HBI-DN-STR,43
VC,DN,VC-DN,DS,DS,15.16706,76.38649,VC-DN-DS,43
VC,DN,VC-DN,HS,HS,15.17506,76.38687,VC-DN-HS,43
VC,DN,VC-DN,STR,STR,15.18797,76.38294,VC-DN-STR,43
GATE,DN,GATE-DN,DS,DS,15.20834,76.38037,GATE-DN-DS,42
GATE,DN,GATE-DN,GSDS,GSDS,15.21388,76.37416,GATE-DN-GSDS,42
VYS,DN,VYS-DN,DS,DS,15.21714,76.37273,VYS-DN-DS,42
VYS,DN,VYS-DN,HS,HS,15.22461,76.36906,VYS-DN-HS,42
VYS,DN,VYS-DN,STR,STR,15.235,76.36335,VYS-DN-STR,42
GATE,DN,GATE-DN,DS,DS,15.25835,76.35086,GATE-DN-DS,42
GATE,DN,GATE-DN,GSDS,GSDS,15.26243,76.3497,GATE-DN-GSDS,42
GATE,DN,GATE-DN,GSDS,GSDS,15.26286,76.35934,GATE-DN-GSDS,42
GATE,DN,GATE-DN,GS,GS,15.26739,76.36317,GATE-DN-GS,42
HPT,DN,HPT-DN,DS,DS,15.2727,76.36991,HPT-DN-DS,42
GATE,DN,GATE-DN,GS,GS,15.2788,76.37613,GATE-DN-GS,42
HPT,DN,HPT-DN,HS,HS,15.28185,76.37696,HPT-DN-HS,42
HPT,DN,HPT-DN,STR,STR,15.28679,76.38679,HPT-DN-STR,42
BAY,UP,BAY-UP,STR,STR,15.14378,76.92134,BAY-UP-STR,20
BAY,UP,BAY-UP,STR,STR,15.13598,76.91753,BAY-UP-STR,20
BAY,UP,BAY-UP,LSSDS,LSSDS,15.13331,76.91765,BAY-UP-LSSDS,20
GATE,UP,GATE-UP,GS,GS,15.12711,76.91555,GATE-UP-GS,20
GATE,UP,GATE-UP,DS,DS,15.11398,76.90518,GATE-UP-DS,20
GATE,UP,GATE-UP,GS,GS,15.10685,76.89916,GATE-UP-GS,20
OBM,UP,OBM-UP,DS,DS,15.04312,76.86366,OBM-UP-DS,20
OBM,UP,OBM-UP,HS,HS,15.03641,76.85729,OBM-UP-HS,20
OBM,UP,OBM-UP,STR,STR,15.02809,76.84873,OBM-UP-STR,20
GATE,UP,GATE-UP,DS,DS,14.92637,76.86749,GATE-UP-DS,20
GATE,UP,GATE-UP,GS,GS,14.91642,76.869,GATE-UP-GS,20
SLM,UP,SLM-UP,HS,HS,14.90871,76.86894,SLM-UP-HS,20
SLM,UP,SLM-UP,STR,STR,14.89865,76.86835,SLM-UP-STR,20
BDV,UP,BDV-UP,DS,DS,14.85119,76.85886,BDV-UP-DS,20
BDV,UP,BDV-UP,HS,HS,14.84311,76.85459,BDV-UP-HS,20
BDV,UP,BDV-UP,RHS,RHS,14.83722,76.85337,BDV-UP-RHS,20
BDV,UP,BDV-UP,STR,STR,14.82854,76.85531,BDV-UP-STR,20
GATE,UP,GATE-UP,DS,DS,14.76868,76.84448,GATE-UP-DS,20
GATE,UP,GATE-UP,GS,GS,14.75991,76.84761,GATE-UP-GS,20
RDG,UP,RDG-UP,DS,DS,14.72308,76.85111,RDG-UP-DS,20
RDG,UP,RDG-UP,HS,HS,14.71562,76.85587,RDG-UP-HS,20
RDG,UP,RDG-UP,STR,STR,14.70534,76.85706,RDG-UP-STR,20
RDG,UP,RDG-UP,LSSDS,LSSDS,14.70227,76.85742,RDG-UP-LSSDS,21
GATE,UP,GATE-UP,GS,GS,14.69703,76.86056,GATE-UP-GS,21
GATE,UP,GATE-UP,DS,DS,14.68699,76.85932,GATE-UP-DS,21
GATE,UP,GATE-UP,GSDS,GSDS,14.68446,76.85045,GATE-UP-GSDS,21
GATE,UP,GATE-UP,GS,GS,14.68409,76.83941,GATE-UP-GS,21
MOMU,UP,MOMU-UP,DS,DS,14.70761,76.76402,MOMU-UP-DS,21
MOMU,UP,MOMU-UP,HS,HS,14.70806,76.7546,MOMU-UP-HS,21
MOMU,UP,MOMU-UP,STR,STR,14.71006,76.74348,MOMU-UP-STR,21
BOMN,UP,BOMN-UP,DS,DS,14.60377,76.68194,BOMN-UP-DS,21
BOMN,UP,BOMN-UP,HS,HS,14.59533,76.681,BOMN-UP-HS,21
BOMN,UP,BOMN-UP,STR,STR,14.58325,76.6797,BOMN-UP-STR,21
GATE,UP,GATE-UP,DS,DS,14.48456,76.67952,GATE-UP-DS,21
GATE,UP,GATE-UP,GS,GS,14.47454,76.67839,GATE-UP-GS,21
THKU,UP,THKU-UP,DS,DS,14.46077,76.67684,THKU-UP-DS,21
THKU,UP,THKU-UP,HS,HS,14.45168,76.67584,THKU-UP-HS,21
THKU,UP,THKU-UP,STR,STR,14.44124,76.67467,THKU-UP-STR,21
CHKE,UP,CHKE-UP,DS,DS,14.33017,76.66247,CHKE-UP-DS,21
CHKE,UP,CHKE-UP,HS,HS,14.32076,76.66098,CHKE-UP-HS,21
CHKE,UP,CHKE-UP,STR,STR,14.3098,76.65919,CHKE-UP-STR,21
BAHI,UP,BAHI-UP,DS,DS,14.25178,76.56914,BAHI-UP-DS,21
BAHI,UP,BAHI-UP,HS,HS,14.24722,76.56028,BAHI-UP-HS,21
BAHI,UP,BAHI-UP,STR,STR,14.24216,76.55037,BAHI-UP-STR,21
CTA,UP,CTA-UP,DS,DS,14.23625,76.39935,CTA-UP-DS,21
CTA,UP,CTA-UP,HS,HS,14.2316,76.39159,CTA-UP-HS,21
CTA,UP,CTA-UP,STR,STR,14.23036,76.38058,CTA-UP-STR,21
CTA,UP,CTA-UP,LSSDS,LSSDS,14.23014,76.37818,CTA-UP-LSSDS,21
GATE,UP,GATE-UP,GS,GS,14.22965,76.37383,GATE-UP-GS,21
HLV,UP,HLV-UP,DS,DS,14.21728,76.32635,HLV-UP-DS,21
HLV,UP,HLV-UP,HS,HS,14.21368,76.31735,HLV-UP-HS,21
HLV,UP,HLV-UP,STR,STR,14.20899,76.30587,HLV-UP-STR,21
GATE,UP,GATE-UP,DS,DS,14.15781,76.25771,GATE-UP-DS,21
GATE,UP,GATE-UP,GSDS,GSDS,14.14815,76.25817,GATE-UP-GSDS,21
AMC,UP,AMC-UP,HS,HS,14.14065,76.25221,AMC-UP-HS,21
AMC,UP,AMC-UP,STR,STR,14.13903,76.2413,AMC-UP-STR,21
AMC,UP,AMC-UP,LSSDS,LSSDS,14.13871,76.23879,AMC-UP-LSSDS,21
BBNH,UP,BBNH-UP,HS,HS,14.13731,76.22911,BBNH-UP-HS,21
GATE,UP,GATE-UP,DS,DS,14.13351,76.15085,GATE-UP-DS,21
GATE,UP,GATE-UP,GSDS,GSDS,14.13642,76.14288,GATE-UP-GSDS,21
JRU,UP,JRU-UP,HS,HS,14.13385,76.1388,JRU-UP-HS,21
JRU,UP,JRU-UP,STR,STR,14.12335,76.1398,JRU-UP-STR,21
JRU,DN,JRU-DN,STR,STR,14.12652,76.13896,JRU-DN-STR,21
JRU,DN,JRU-DN,LSSDS,LSSDS,14.1318,76.13782,JRU-DN-LSSDS,21
GATE,DN,GATE-DN,GS,GS,14.13423,76.13929,GATE-DN-GS,47
BBNH,DN,BBNH-DN,DS,DS,14.13571,76.20717,BBNH-DN-DS,47
BBNH,DN,BBNH-DN,HS,HS,14.13618,76.22143,BBNH-DN-HS,47
BBNH,DN,BBNH-DN,LSSDS,LSSDS,14.13686,76.2262,BBNH-DN-LSSDS,47
AMC,DN,AMC-DN,HS,HS,14.13835,76.23653,AMC-DN-HS,47
AMC,DN,AMC-DN,STR,STR,14.13987,76.24741,AMC-DN-STR,47
AMC,DN,AMC-DN,LSSDS,LSSDS,14.14028,76.24984,AMC-DN-LSSDS,47
GATE,DN,GATE-DN,GS,GS,14.14369,76.25832,GATE-DN-GS,47
HLV,DN,HLV-DN,DS,DS,14.19991,76.29515,HLV-DN-DS,47
HLV,DN,HLV-DN,HS,HS,14.20629,76.30268,HLV-DN-HS,47
HLV,DN,HLV-DN,STR,STR,14.21151,76.3119,HLV-DN-STR,47
GATE,DN,GATE-DN,DS,DS,14.22852,76.35937,GATE-DN-DS,47
GATE,DN,GATE-DN,GSDS,GSDS,14.22909,76.36904,GATE-DN-GSDS,47
CTA,DN,CTA-DN,HS,HS,14.22984,76.37583,CTA-DN-HS,47
CTA,DN,CTA-DN,STR,STR,14.23099,76.38672,CTA-DN-STR,47
BAHI,DN,BAHI-DN,DS,DS,14.23362,76.53863,BAHI-DN-DS,47
BAHI,DN,BAHI-DN,HS,HS,14.23997,76.5463,BAHI-DN-HS,47
BAHI,DN,BAHI-DN,STR,STR,14.24501,76.55598,BAHI-DN-STR,47
CHKE,DN,CHKE-DN,DS,DS,14.29572,76.65416,CHKE-DN-DS,47
CHKE,DN,CHKE-DN,HS,HS,14.30478,76.65844,CHKE-DN-HS,47
CHKE,DN,CHKE-DN,STR,STR,14.31582,76.6602,CHKE-DN-STR,47
THKU,DN,THKU-DN,DS,DS,14.42597,76.67194,THKU-DN-DS,47
THKU,DN,THKU-DN,HS,HS,14.43622,76.67414,THKU-DN-HS,47
THKU,DN,THKU-DN,STR,STR,14.44717,76.67538,THKU-DN-STR,47
GATE,DN,GATE-DN,DS,DS,14.4611,76.6769,GATE-DN-DS,47
GATE,DN,GATE-DN,GS,GS,14.47022,76.67793,GATE-DN-GS,47
BOMN,DN,BOMN-DN,DS,DS,14.56918,76.67792,BOMN-DN-DS,47
BOMN,DN,BOMN-DN,HS,HS,14.57859,76.67917,BOMN-DN-HS,47
BOMN,DN,BOMN-DN,STR,STR,14.58973,76.68046,BOMN-DN-STR,47
MOMU,DN,MOMU-DN,DS,DS,14.70851,76.72907,MOMU-DN-DS,47
MOMU,DN,MOMU-DN,HS,HS,14.71087,76.73844,MOMU-DN-HS,47
MOMU,DN,MOMU-DN,STR,STR,14.70894,76.74953,MOMU-DN-STR,47
GATE,DN,GATE-DN,DS,DS,14.68921,76.82699,GATE-DN-DS,47
GATE,DN,GATE-DN,GSDS,GSDS,14.68433,76.83475,GATE-DN-GSDS,47
GATE,DN,GATE-DN,GS,GS,14.68434,76.84599,GATE-DN-GS,47
GATE,DN,GATE-DN,DS,DS,14.68548,76.85664,GATE-DN-DS,47
GATE,DN,GATE-DN,GS,GS,14.69249,76.86134,GATE-DN-GS,47
RDG,DN,RDG-DN,HS,HS,14.70004,76.85896,RDG-DN-HS,47
RDG,DN,RDG-DN,STR,STR,14.71128,76.85699,RDG-DN-STR,47
GATE,DN,GATE-DN,DS,DS,14.74731,76.84953,GATE-DN-DS,46
GATE,DN,GATE-DN,GS,GS,14.7563,76.84816,GATE-DN-GS,46
BDV,DN,BDV-DN,DS,DS,14.81344,76.85501,BDV-DN-DS,46
BDV,DN,BDV-DN,HS,HS,14.82361,76.85541,BDV-DN-HS,46
BDV,DN,BDV-DN,STR,STR,14.83507,76.85393,BDV-DN-STR,46
SLM,DN,SLM-DN,DS,DS,14.88389,76.86669,SLM-DN-DS,46
SLM,DN,SLM-DN,HS,HS,14.89289,76.86823,SLM-DN-HS,46
SLM,DN,SLM-DN,STR,STR,14.90443,76.86875,SLM-DN-STR,46
SLM,DN,SLM-DN,LSSDS,LSSDS,14.90697,76.8689,SLM-DN-LSSDS,46
GATE,DN,GATE-DN,GS,GS,14.91148,76.8691,GATE-DN-GS,46
OBM,DN,OBM-DN,DS,DS,15.01702,76.84784,OBM-DN-DS,46
OBM,DN,OBM-DN,HS,HS,15.02495,76.84611,OBM-DN-HS,46
OBM,DN,OBM-DN,STR,STR,15.03248,76.85362,OBM-DN-STR,46
GATE,DN,GATE-DN,DS,DS,15.09552,76.89071,GATE-DN-DS,46
GATE,DN,GATE-DN,GS,GS,15.10307,76.89601,GATE-DN-GS,46
GATE,DN,GATE-DN,DS,DS,15.11238,76.90396,GATE-DN-DS,46
GATE,DN,GATE-DN,GSDS,GSDS,15.11949,76.90987,GATE-DN-GSDS,46
BAYB,DN,BAYB-DN,HS,HS,15.13119,76.91773,BAYB-DN-HS,46
BAY,DN,BAY-DN,HS,HS,15.13901,76.91745,BAY-DN-HS,46
BAY,DN,BAY-DN,STR,STR,15.1472,76.92541,BAY-DN-STR,46
TNGL,UP,TNGL-UP,STR,STR,15.20302,76.66266,TNGL-UP-STR,19
TNGL,UP,TNGL-UP,ISTR,ISTR,15.20021,76.64839,TNGL-UP-ISTR,19
TNGL,UP,TNGL-UP,LSS,LSS,15.19812,76.64621,TNGL-UP-LSS,19
GATE,UP,GATE-UP,DS,DS,15.19105,76.63874,GATE-UP-DS,19
GATE,UP,GATE-UP,GSDS,GSDS,15.18466,76.63193,GATE-UP-GSDS,19
GATE,UP,GATE-UP,GSDS,GSDS,15.17654,76.62336,GATE-UP-GSDS,19
GATE,UP,GATE-UP,GSDS,GSDS,15.1662,76.61759,GATE-UP-GSDS,19
BNHT,UP,BNHT-UP,HS,HS,15.15331,76.61978,BNHT-UP-HS,19
BNHT,UP,BNHT-UP,STR,STR,15.14111,76.62285,BNHT-UP-STR,19
NDHI,UP,NDHI-UP,DS,DS,15.10983,76.5934,NDHI-UP-DS,19
NDHI,UP,NDHI-UP,HS,HS,15.10633,76.58553,NDHI-UP-HS,19
NDHI,UP,NDHI-UP,STR,STR,15.09709,76.57895,NDHI-UP-STR,19
RNJP,UP,RNJP-UP,DS,DS,15.07337,76.595,RNJP-UP-DS,19
RNJP,UP,RNJP-UP,HS,HS,15.06428,76.59654,RNJP-UP-HS,19
RNJP,DN,RNJP-DN,STR,STR,15.05973,76.59957,RNJP-DN-STR,45
NDHI,DN,NDHI-DN,DS,DS,15.08742,76.58564,NDHI-DN-DS,45
NDHI,DN,NDHI-DN,HS,HS,15.09438,76.58001,NDHI-DN-HS,45
NDHI,DN,NDHI-DN,STR,STR,15.10282,76.58105,NDHI-DN-STR,45
BNHT,DN,BNHT-DN,DS,DS,15.12754,76.6201,BNHT-DN-DS,45
BNHT,DN,BNHT-DN,HS,HS,15.1358,76.62393,BNHT-DN-HS,45
BNHT,DN,BNHT-DN,STR,STR,15.14761,76.62113,BNHT-DN-STR,45
BNHT,DN,BNHT-DN,LSSDS,LSSDS,15.15169,76.62016,BNHT-DN-LSSDS,45
GATE,DN,GATE-DN,GSDS,GSDS,15.16243,76.61773,GATE-DN-GSDS,45
GATE,DN,GATE-DN,GSDS,GSDS,15.17357,76.6206,GATE-DN-GSDS,45
GATE,DN,GATE-DN,GS,GS,15.18196,76.62911,GATE-DN-GS,45
TNGL,DN,TNGL-DN,DS,DS,15.19035,76.638,TNGL-DN-DS,45
TNGL,DN,TNGL-DN,HS,HS,15.19679,76.64485,TNGL-DN-HS,45
TNGL,DN,TNGL-DN,RHS,RHS,15.20314,76.65391,TNGL-DN-RHS,45
RDG,DN,RDG-DN,LSSDS,LSSDS,14.70349,76.85729,RDG-DN-LSSDS,22
GATE,DN,GATE-DN,GS,GS,14.69673,76.86072,GATE-DN-GS,22
ALAT,DN,ALAT-DN,DS,DS,14.68514,76.95691,ALAT-DN-DS,22
ALAT,DN,ALAT-DN,HS,HS,14.68732,76.96618,ALAT-DN-HS,22
ALAT,DN,ALAT-DN,STR,STR,14.69073,76.97797,ALAT-DN-STR,22
KYND,DN,KYND-DN,DS,DS,14.57752,77.10527,KYND-DN-DS,22
KYND,DN,KYND-DN,HS,HS,14.57054,77.1141,KYND-DN-HS,22
KYND,DN,KYND-DN,STR,STR,14.56787,77.1262,KYND-DN-STR,22
KRYP,DN,KRYP-DN,DS,DS,14.42785,77.18289,KRYP-DN-DS,22
KRYP,DN,KRYP-DN,HS,HS,14.42193,77.19044,KRYP-DN-HS,22
KRYP,DN,KRYP-DN,STR,STR,14.41189,77.19687,KRYP-DN-STR,22
KRYP,UP,KRYP-UP,STR,STR,14.41798,77.19299,KRYP-UP-STR,48
KYND,UP,KYND-UP,DS,DS,14.56074,77.13656,KYND-UP-DS,48
KYND,UP,KYND-UP,HS,HS,14.56711,77.13006,KYND-UP-HS,48
KYND,UP,KYND-UP,STR,STR,14.56951,77.11884,KYND-UP-STR,48
ALAT,UP,ALAT-UP,DS,DS,14.69456,76.99125,ALAT-UP-DS,48
ALAT,UP,ALAT-UP,HS,HS,14.69189,76.98204,ALAT-UP-HS,48
ALAT,UP,ALAT-UP,STR,STR,14.68874,76.97097,ALAT-UP-STR,48
GATE,UP,GATE-UP,DS,DS,14.68446,76.8671,GATE-UP-DS,48
GATE,UP,GATE-UP,GS,GS,14.69304,76.86132,GATE-UP-GS,48
RDG,UP,RDG-UP,HS,HS,14.70025,76.85886,RDG-UP-HS,48
