Station,DIRN,Station-DIRN,Type,Signal Name,Latitude,Longitude,SignalLabel,SectionId
UBL,UP,UBL-UP,Starter,STR,15.3513,75.14822,UBL-UP-STR,60
UNK,UP,UNK-UP,Distant,DS,15.36082,75.1392917,UNK-UP-DS,60
UNK,UP,UNK-UP,Home,HS,15.36646,75.13039,UNK-UP-HS,60
UNK,UP,UNK-UP,Starter,STR,15.37932,75.122675,UNK-UP-STR,60
UNK,UP,UNK-UP,LSS cum Distant,LSSDS,15.38177,75.1215833,UNK-UP-LSSDS,60
BDKA,UP,BDKA-UP,Home,HS,15.3926,75.1139533,BDKA-UP-HS,60
BDKA,UP,BDKA-UP,Starter,STR,15.40411,75.1052567,BDKA-UP-STR,60
NVU,UP,NVU-UP,Distant,DS,15.41356,75.0797867,NVU-UP-DS,7
NVU,UP,NVU-UP,Home,HS,15.41291,75.0705483,NVU-UP-HS,7
NVU,UP,NVU-UP,Starter,STR,15.41855,75.0517733,NVU-UP-STR,7
DWR,UP,DWR-UP,Distant,DS,15.42715,75.0242367,DWR-UP-DS,7
DWR,UP,DWR-UP,Home,HS,15.4325,75.01353,DWR-UP-HS,7
DWR,UP,DWR-UP,Starter,STR,15.44237,75.0013533,DWR-UP-STR,7
KRKP,UP,KRKP-UP,Home,HS,15.44829,74.9634717,KRKP-UP-HS,7
KRKP,UP,KRKP-UP,Starter,STR,15.45596,74.9545883,KRKP-UP-STR,7
MGD,UP,MGD-UP,Distant,DS,15.46093,74.9152333,MGD-UP-DS,7
MGD,UP,MGD-UP,Home,HS,15.45434,74.9086733,MGD-UP-HS,7
MGD,UP,MGD-UP,Starter,STR,15.4474,74.9028983,MGD-UP-STR,7
KBI,UP,KBI-UP,Distant,DS,15.47458,74.844445,KBI-UP-DS,7
KBI,UP,KBI-UP,Home,HS,15.46702,74.8389683,KBI-UP-HS,7
KBI,UP,KBI-UP,Starter,STR,15.46361,74.828375,KBI-UP-STR,7
IB,UP,IB-UP,IB Distant,IBD,15.44228,74.7902483,KBI-UP-IBD,7
IB,UP,IB-UP,IBS,IBS,15.4383,74.7817267,KBI-UP-IBS,7
LWR,UP,LWR-UP,Distant,DS,15.42559,74.7590583,LWR-UP-DS,7
LWR,UP,LWR-UP,Home,HS,15.42513,74.7497967,LWR-UP-HS,7
LWR,UP,LWR-UP,Starter,STR,15.42477,74.7348867,LWR-UP-STR,7
TVG,UP,TVG-UP,Distant,DS,15.41058,74.68615,TVG-UP-DS,8
TVG,UP,TVG-UP,Home,HS,15.41167,74.676015,TVG-UP-HS,8
TVG,UP,TVG-UP,Starter,STR,15.41339,74.661815,TVG-UP-STR,8
IB,UP,IB-UP,IB Distant,IBD,15.41742,74.6376133,TVG-UP-IBD,8
IB,UP,IB-UP,IBS,IBS,15.42362,74.6274167,TVG-UP-IBS,8
DEV,UP,DEV-UP,Distant,DS,15.43937,74.5953783,DEV-UP-DS,8
DEV,UP,DEV-UP,Home,HS,15.44949,74.586775,DEV-UP-HS,8
DEV,UP,DEV-UP,Starter,STR,15.45125,74.5743333,DEV-UP-STR,8
SVTN,UP,SVTN-UP,Distant,DS,15.46488,74.5379317,SVTN-UP-DS,8
SVTN,UP,SVTN-UP,Home,HS,15.47374,74.5343933,SVTN-UP-HS,8
SVTN,UP,SVTN-UP,Starter,STR,15.47788,74.519425,SVTN-UP-STR,8
LD,UP,LD-UP,Distant,DS,15.467,74.510475,LD-UP-DS,8
LD,UP,LD-UP,Home,HS,15.45681,74.5067033,LD-UP-HS,8
LD,UP,LD-UP,Starter,STR,15.44758,74.49508,LD-UP-STR,8
TGT,DN,TGT-DN,Distant,DS,15.45462,74.426235,TGT-DN-DS,54
TGT,DN,TGT-DN,Home,HS,15.45353,74.4162517,TGT-DN-HS,54
TGT,DN,TGT-DN,Starter,STR,15.44888,74.4012417,TGT-DN-STR,54
KSTD,DN,KSTD-DN,Distant,DS,15.42339,74.3599417,KSTD-DN-DS,54
KSTD,DN,KSTD-DN,Starter,STR,15.41998,74.351145,KSTD-DN-STR,54
CLR,DN,CLR-DN,Distant,DS,15.4179,74.34349,CLR-DN-DS,54
CLR,DN,CLR-DN,Home,HS,15.40995,74.3391217,CLR-DN-HS,54
CLR,DN,CLR-DN,Starter,STR,15.39893,74.3317367,CLR-DN-STR,54
CRZ,DN,CRZ-DN,Warner,WRN,15.37276,74.3078483,CRZ-DN-WRN,54
CRZ,DN,CRZ-DN,Home,HS,15.36425,74.3052767,CRZ-DN-HS,54
CRZ,DN,CRZ-DN,Starter,STR,15.35549,74.3075867,CRZ-DN-STR,54
DDS,DN,DDS-DN,Warner,WRN,15.32904,74.3014583,DDS-DN-WRN,54
DDS,DN,DDS-DN,Home,HS,15.3205,74.3009033,DDS-DN-HS,54
DDS,DN,DDS-DN,Starter,STR,15.31465,74.3076867,DDS-DN-STR,54
LIM,DN,LIM-DN,Warner,WRN,15.30211,74.305725,LIM-DN-WRN,54
LIM,DN,LIM-DN,Home,HS,15.30941,74.3018483,LIM-DN-HS,54
LIM,DN,LIM-DN,Starter,STR,15.31063,74.292995,LIM-DN-STR,54
QLM,DN,QLM-DN,Distant,DS,15.3313,74.2618517,QLM-DN-DS,54
QLM,DN,QLM-DN,Home,HS,15.33674,74.25477,QLM-DN-HS,54
QLM,UP,QLM-UP,Starter,STR,15.33541,74.24533,QLM-UP-STR,55
LIM,UP,LIM-UP,Warner,WRN,15.3174,74.2875683,LIM-UP-WRN,55
LIM,UP,LIM-UP,Repeating Sig,RS,15.31248,74.2889433,LIM-UP-RS,55
LIM,UP,LIM-UP,Home,HS,15.31009,74.2913,LIM-UP-HS,55
LIM,UP,LIM-UP,Starter,STR,15.30938,74.30033,LIM-UP-STR,55
DDS,UP,DDS-UP,Warner,WRN,15.3098,74.3164433,DDS-UP-WRN,55
DDS,UP,DDS-UP,Repeating Sig,RS,15.31225,74.3116683,DDS-UP-RS,55
DDS,UP,DDS-UP,Home,HS,15.3133,74.3084617,DDS-UP-HS,55
DDS,UP,DDS-UP,Repeating Sig,RS,15.31828,74.3064117,DDS-UP-RS,55
DDS,UP,DDS-UP,Starter,STR,15.32042,74.3039783,DDS-UP-STR,55
CRZ,UP,CRZ-UP,Warner,WRN,15.34724,74.302635,CRZ-UP-WRN,55
CRZ,UP,CRZ-UP,Repeating Sig,RS,15.35084,74.3033517,CRZ-UP-RS,55
CRZ,UP,CRZ-UP,Home,HS,15.35372,74.30705,CRZ-UP-HS,55
CRZ,UP,CRZ-UP,Repeating Sig,RS,15.36105,74.3065,CRZ-UP-RS,55
CRZ,UP,CRZ-UP,Starter,STR,15.36315,74.3061167,CRZ-UP-STR,55
CLR,UP,CLR-UP,Distant,DS,15.3902,74.3208,CLR-UP-DS,55
CLR,UP,CLR-UP,Home,HS,15.39778,74.32275,CLR-UP-HS,55
CLR,UP,CLR-UP,Starter,STR,15.40044,74.3385933,CLR-UP-STR,55
KSTD,UP,KSTD-UP,Distant,DS,15.41111,74.3401417,KSTD-UP-DS,55
KSTD,UP,KSTD-UP,Starter,STR,15.41969,74.345475,KSTD-UP-STR,55
TGT,UP,TGT-UP,Distant,DS,15.44165,74.3819533,TGT-UP-DS,55
TGT,UP,TGT-UP,Home,HS,15.44729,74.3940833,TGT-UP-HS,55
TGT,UP,TGT-UP,Starter,STR,15.45109,74.4094567,TGT-UP-STR,55
LD(T),UP,LD(T)-UP,Distant,DS,15.4467,74.4789517,LD(T)-UP-DS,55
LD(T),UP,LD(T)-UP,Home,HS,15.44249,74.4866483,LD(T)-UP-HS,55
LD,DN,LD-DN,Starter,STR,15.45421,74.5015117,LD-DN-STR,55
SVTN,DN,SVTN-DN,Distant,DS,15.46932,74.5120067,SVTN-DN-DS,34
SVTN,DN,SVTN-DN,Home,HS,15.47647,74.5158867,SVTN-DN-HS,34
SVTN,DN,SVTN-DN,Starter,STR,15.47507,74.5261133,SVTN-DN-STR,34
DEV,DN,DEV-DN,Distant,DS,15.44672,74.558235,DEV-DN-DS,34
DEV,DN,DEV-DN,Home,HS,15.44873,74.5676533,DEV-DN-HS,34
DEV,DN,DEV-DN,Starter,STR,15.45278,74.58131,DEV-DN-STR,34
IB,DN,IB-DN,IB Distant,IBD,15.42433,74.6079533,DEV-DN-IBD,34
IB,DN,IB-DN,IBS,IBS,15.42385,74.62248,DEV-DN-IBS,34
TVG,DN,TVG-DN,Distant,DS,15.41654,74.6412983,TVG-DN-DS,34
TVG,DN,TVG-DN,Home,HS,15.41134,74.652835,TVG-DN-HS,34
TVG,DN,TVG-DN,Starter,STR,15.4151,74.6680517,TVG-DN-STR,34
LWR,DN,LWR-DN,Distant,DS,15.4217,74.7190867,LWR-DN-DS,34
LWR,DN,LWR-DN,Home,HS,15.42527,74.727605,LWR-DN-HS,34
LWR,DN,LWR-DN,Starter,STR,15.42389,74.7440567,LWR-DN-STR,34
IB,DN,IB-DN,IB Distant,IBD,15.42466,74.7694133,LWR-DN-IBD,33
IB,DN,IB-DN,IBS,IBS,15.43206,74.7755217,LWR-DN-IBS,33
KBI,DN,KBI-DN,Distant,DS,15.45925,74.8128267,KBI-DN-DS,33
KBI,DN,KBI-DN,Home,HS,15.46333,74.8231117,KBI-DN-HS,33
KBI,DN,KBI-DN,Starter,STR,15.46501,74.8345983,KBI-DN-STR,33
MGD,DN,MGD-DN,Distant,DS,15.4484,74.8836217,MGD-DN-DS,33
MGD,DN,MGD-DN,Home,HS,15.44879,74.89765,MGD-DN-HS,33
MGD,DN,MGD-DN,Starter,STR,15.45052,74.9074967,MGD-DN-STR,33
KRKP,DN,KRKP-DN,Distant,DS,15.46514,74.9390283,KRKP-DN-DS,33
KRKP,DN,KRKP-DN,Home,HS,15.46007,74.946855,KRKP-DN-HS,33
KRKP,DN,KRKP-DN,Starter,STR,15.45208,74.9607583,KRKP-DN-STR,33
KRKP,DN,KRKP-DN,GS cum Distant,GSDS,15.44917,74.962965,KRKP-DN-GSDS,33
DWR,DN,DWR-DN,Distant,DS,15.4462,74.980625,DWR-DN-DS,33
DWR,DN,DWR-DN,Home,HS,15.44194,74.9924083,DWR-DN-HS,33
DWR,DN,DWR-DN,Starter,STR,15.43933,75.0075167,DWR-DN-STR,33
NVU,DN,NVU-DN,Distant,DS,15.42353,75.036665,NVU-DN-DS,33
NVU,DN,NVU-DN,Home,HS,15.42174,75.045845,NVU-DN-HS,33
NVU,DN,NVU-DN,Starter,STR,15.4148,75.0573017,NVU-DN-STR,33
BDKA,DN,BDKA-DN,Distant,DS,15.41268,75.0924783,BDKA-DN-DS,33
BDKA,DN,BDKA-DN,Home,HS,15.40877,75.101805,BDKA-DN-HS,33
BDKA,DN,BDKA-DN,Starter,STR,15.39901,75.1091917,BDKA-DN-STR,33
BDKA,DN,BDKA-DN,LSS cum Distant,LSSDS,15.39439,75.112655,BDKA-DN-LSSDS,61
UNK,DN,UNK-DN,Home,HS,15.38833,75.1171967,UNK-DN-HS,61
UNK,DN,UNK-DN,Routing HS,RHS,15.38062,75.1222033,UNK-DN-RHS,61
UNK,DN,UNK-DN,Starter,STR,15.37282,75.1253467,UNK-DN-STR,61
UBL,DN,UBL-DN,Distant,DS,15.36369,75.135275,UBL-DN-DS,61
UBL,DN,UBL-DN,Home,HS,15.35703,75.1412467,UBL-DN-HS,61
UBL,DN,UBL-DN,Starter,STR,15.34842,75.1552067,UBL-DN-STR,61
QLM,DN,QLM-DN,Starter,STR,15.33012,74.2417417,QLM-DN-STR,54
KM,DN,KM-DN,Distant,DS,15.29706,74.2008283,KM-DN-DS,54
KM,DN,KM-DN,Home,HS,15.29424,74.1901167,KM-DN-HS,54
KM,DN,KM-DN,Starter,STR,15.28848,74.1769117,KM-DN-STR,54
SVM,DN,SVM-DN,Distant,DS,15.27412,74.1208867,SVM-DN-DS,54
SVM,DN,SVM-DN,Home,HS,15.26605,74.1165067,SVM-DN-HS,54
SVM,DN,SVM-DN,Starter,STR,15.26394,74.1034917,SVM-DN-STR,54
SVM,DN,SVM-DN,GS cum Distant,GSDS,15.26383,74.0986667,SVM-DN-GSDS,54
CNR,DN,CNR-DN,Home,HS,15.26494,74.06109,CNR-DN-HS,54
CNR,DN,CNR-DN,Starter,STR,15.26489,74.0480333,CNR-DN-STR,54
MAO,DN,MAO-DN,Distant,DS,15.26655,73.9968867,MAO-DN-DS,54
MAO,DN,MAO-DN,Home,HS,15.26717,73.98758,MAO-DN-HS,54
MAO,DN,MAO-DN,Routing HS,RHS,15.26774,73.9742317,MAO-DN-RHS,54
MAO,DN,MAO-DN,Starter,STR,15.26819,73.9664,MAO-DN-STR,54
MJO,DN,MJO-DN,Home,HS,15.30619,73.9277133,MJO-DN-HS,54
MJO,DN,MJO-DN,Starter,STR,15.31487,73.9208583,MJO-DN-STR,54
CSM,DN,CSM-DN,Distant,DS,15.32747,73.91099,CSM-DN-DS,54
CSM,DN,CSM-DN,Home,HS,15.33476,73.9053117,CSM-DN-HS,54
CSM,DN,CSM-DN,Starter,STR,15.34794,73.895015,CSM-DN-STR,54
CSM,DN,CSM-DN,GS cum Distant,GSDS,15.34952,73.8936417,CSM-DN-GSDS,54
SKVL,DN,SKVL-DN,Distant,DS,15.36243,73.8831533,SKVL-DN-DS,54
SKVL,DN,SKVL-DN,Home,HS,15.36953,73.877285,SKVL-DN-HS,54
SKVL,DN,SKVL-DN,Starter,STR,15.37062,73.8662517,SKVL-DN-STR,54
VSG,DN,VSG-DN,Distant,DS,15.38849,73.8298933,VSG-DN-DS,54
VSG,DN,VSG-DN,Home,HS,15.39767,73.82115,VSG-DN-HS,54
UBL,DN,UBL-DN,Starter,STR,15.34863,75.15384,UBL-DN-STR,63
UBL,DN,UBL-DN,Inter Starter,ISTR,15.35076,75.1733233,UBL-DN-ISTR,63
BMAP,DN,BMAP-DN,Starter,STR,15.36162,75.1831517,BMAP-DN-STR,63
KUG,DN,KUG-DN,Distant,DS,15.3637,75.20735,KUG-DN-DS,0
KUG,DN,KUG-DN,Home,HS,15.36642,75.22149,KUG-DN-HS,0
KUG,DN,KUG-DN,Starter,STR,15.37451,75.2297217,KUG-DN-STR,0
HBS,DN,HBS-DN,Distant,DS,15.41439,75.2682283,HBS-DN-DS,0
HBS,DN,HBS-DN,Home,HS,15.41889,75.277365,HBS-DN-HS,0
HBS,DN,HBS-DN,Starter,STR,15.42576,75.2896233,HBS-DN-STR,0
NVD,DN,NVD-DN,Distant,DS,15.43394,75.337425,NVD-DN-DS,0
NVD,DN,NVD-DN,Home,HS,15.43563,75.3468983,NVD-DN-HS,0
NVD,DN,NVD-DN,Starter,STR,15.4353,75.3582383,NVD-DN-STR,0
NGR,DN,NGR-DN,Distant,DS,15.43323,75.4153633,NGR-DN-DS,0
NGR,DN,NGR-DN,Home,HS,15.43289,75.42498,NGR-DN-HS,0
NGR,DN,NGR-DN,Starter,STR,15.43252,75.4383033,NGR-DN-STR,0
LKT,DN,LKT-DN,Distant,DS,15.43102,75.5121267,LKT-DN-DS,0
LKT,DN,LKT-DN,Home,HS,15.43156,75.5214317,LKT-DN-HS,0
LKT,DN,LKT-DN,Starter,STR,15.43454,75.5324317,LKT-DN-STR,0
BKIT,DN,BKIT-DN,Distant,DS,15.43522,75.5758733,BKIT-DN-DS,0
BKIT,DN,BKIT-DN,Home,HS,15.43608,75.58605,BKIT-DN-HS,0
BKIT,DN,BKIT-DN,Starter,STR,15.43721,75.5989917,BKIT-DN-STR,0
GDGB,DN,GDGB-DN,Home,HS,15.43812,75.6103133,GDGB-DN-HS,0
GDGB,DN,GDGB-DN,LSS cum Distant,LSSDS,15.43855,75.6165683,GDGB-DN-LSSDS,0
GDG,DN,GDG-DN,Home,HS,15.43663,75.630855,GDG-DN-HS,0
GDG,DN,GDG-DN,Starter,STR,15.4372,75.6467867,GDG-DN-STR,0
KGX,DN,KGX-DN,Distant,DS,15.44556,75.70013,KGX-DN-DS,1
KGX,DN,KGX-DN,Home,HS,15.44727,75.7100533,KGX-DN-HS,1
KGX,DN,KGX-DN,Starter,STR,15.44841,75.7202733,KGX-DN-STR,1
RLP,DN,RLP-DN,Distant,DS,15.44266,75.781805,RLP-DN-DS,1
RLP,DN,RLP-DN,Home,HS,15.44014,75.7912583,RLP-DN-HS,1
RLP,DN,RLP-DN,Starter,STR,15.43231,75.8027,RLP-DN-STR,1
SOQ,DN,SOQ-DN,Distant,DS,15.42169,75.8551167,SOQ-DN-DS,1
SOQ,DN,SOQ-DN,Home,HS,15.42325,75.864855,SOQ-DN-HS,1
SOQ,DN,SOQ-DN,Starter,STR,15.4209,75.876965,SOQ-DN-STR,1
BNA,DN,BNA-DN,Distant,DS,15.40897,75.9213417,BNA-DN-DS,1
BNA,DN,BNA-DN,Home,HS,15.40721,75.9306283,BNA-DN-HS,1
BNA,DN,BNA-DN,Starter,STR,15.40663,75.9424283,BNA-DN-STR,1
TLKL,DN,TLKL-DN,Distant,DS,15.40212,75.9653333,TLKL-DN-DS,1
TLKL,DN,TLKL-DN,Home,HS,15.39949,75.9743417,TLKL-DN-HS,1
TLKL,DN,TLKL-DN,Starter,STR,15.39829,75.990675,TLKL-DN-STR,1
BNP,DN,BNP-DN,Distant,DS,15.39148,76.019,BNP-DN-DS,2
BNP,DN,BNP-DN,Home,HS,15.38927,76.0282267,BNP-DN-HS,2
BNP,DN,BNP-DN,Starter,STR,15.38629,76.0409933,BNP-DN-STR,2
KBL,DN,KBL-DN,Distant,DS,15.36123,76.1235067,KBL-DN-DS,2
KBL,DN,KBL-DN,Home,HS,15.35676,76.1317717,KBL-DN-HS,2
KBL,DN,KBL-DN,Starter,STR,15.35435,76.14901,KBL-DN-STR,2
GIN,DN,GIN-DN,Distant,DS,15.3482,76.2250317,GIN-DN-DS,2
GIN,DN,GIN-DN,Home,HS,15.34807,76.2345683,GIN-DN-HS,2
GIN,DN,GIN-DN,Starter,STR,15.34791,76.24906,GIN-DN-STR,2
MRB,DN,MRB-DN,GS cum Distant,GSDS,15.32491667,76.31591667,MRB-DN-GSDS,3
MRB,DN,MRB-DN,Home,HS,15.31743,76.324905,MRB-DN-HS,3
MRB,DN,MRB-DN,Starter,STR,15.30742,76.33689,MRB-DN-STR,3
HPT,DN,HPT-DN,Distant,DS,15.2991,76.3605533,HPT-DN-DS,3
HPT,DN,HPT-DN,Home,HS,15.2955,76.3694617,HPT-DN-HS,3
HPT,DN,HPT-DN,Starter,STR,15.28529,76.3893667,HPT-DN-STR,3
KGW,DN,KGW-DN,Distant,DS,15.26376,76.4183333,KGW-DN-DS,4
KGW,DN,KGW-DN,Home,HS,15.25735,76.4251167,KGW-DN-HS,4
KGW,DN,KGW-DN,Starter,STR,15.24873,76.437295,KGW-DN-STR,4
PKL,DN,PKL-DN,Distant,DS,15.23592,76.4719033,PKL-DN-DS,4
PKL,DN,PKL-DN,Home,HS,15.23478,76.48141,PKL-DN-HS,4
PKL,DN,PKL-DN,Starter,STR,15.23708,76.4941183,PKL-DN-STR,4
BYO,DN,BYO-DN,Distant,DS,15.23567,76.507065,BYO-DN-DS,4
BYO,DN,BYO-DN,Home,HS,15.23051,76.52848,BYO-DN-HS,4
BYO,DN,BYO-DN,Starter,STR,15.22964,76.5417367,BYO-DN-STR,4
GNR,DN,GNR-DN,Distant,DS,15.22209,76.582765,GNR-DN-DS,4
GNR,DN,GNR-DN,Home,HS,15.2202,76.59204,GNR-DN-HS,4
GNR,DN,GNR-DN,Starter,STR,15.218,76.6025667,GNR-DN-STR,4
TNGLB,DN,TNGLB-DN,Distant,DS,15.21099,76.6361733,TNGL(B)-DN-DS,4
TNGLB,DN,TNGLB-DN,Home,HS,15.20901,76.6451,TNGL(B)-DN-HS,4
TNGL,DN,TNGL-DN,Home,HS,15.20338,76.656405,TNGL-DN-HS,4
TNGL,DN,TNGL-DN,Starter,STR,15.20422,76.669365,TNGL-DN-STR,4
DAJ,DN,DAJ-DN,Distant,DS,15.2257,76.6845067,DAJ-DN-DS,5
DAJ,DN,DAJ-DN,Home,HS,15.22886,76.6933317,DAJ-DN-HS,5
DAJ,DN,DAJ-DN,Starter,STR,15.22603,76.7044283,DAJ-DN-STR,5
KDN,DN,KDN-DN,Distant,DS,15.22054,76.74123,KDN-DN-DS,5
KDN,DN,KDN-DN,Home,HS,15.21868,76.7506017,KDN-DN-HS,5
KDN,DN,KDN-DN,Routing HS,RHS,15.21704,76.756335,KDN-DN-RHS,5
KDN,DN,KDN-DN,Starter,STR,15.2141,76.7659617,KDN-DN-STR,5
IB,DN,IB-DN,IB Distant,IBD,15.18993,76.843795,KDN-DN-IBD,5
IB,DN,IB-DN,IBS,IBS,15.1872,76.8527683,KDN-DN-IBS,5
BYC,DN,BYC-DN,Distant,DS,15.16833,76.8677983,BYC-DN-DS,5
BYC,DN,BYC-DN,Home,HS,15.16302,76.875555,BYC-DN-HS,5
BYC,DN,BYC-DN,Starter,STR,15.15743,76.8845833,BYC-DN-STR,5
BYC,DN,BYC-DN,Inter Starter,ISTR,15.15504,76.88813,BYC-DN-ISTR,5
BYC,DN,BYC-DN,GS cum Distant,GSDS,15.15308,76.8912617,BYC-DN-GSDS,5
BAYB,DN,BAYB-DN,Home,HS,15.14568,76.9030933,BAYB-DN-HS,5
BAY,DN,BAY-DN,Home,HS,15.14049,76.9151433,BAY-DN-HS,5
BAY,DN,BAY-DN,Starter,STR,15.14746,76.9259833,BAY-DN-STR,5
HDD,DN,HDD-DN,Distant,DS,15.15238,76.96435,HDD-DN-DS,6
HDD,DN,HDD-DN,Home,HS,15.15278,76.9738583,HDD-DN-HS,6
HDD,DN,HDD-DN,Starter,STR,15.15309,76.986175,HDD-DN-STR,6
HGI,DN,HGI-DN,Distant,DS,15.15394,77.0314367,HGI-DN-DS,6
HGI,DN,HGI-DN,Home,HS,15.15388,77.04102,HGI-DN-HS,6
HGI,DN,HGI-DN,Routing HS,RHS,15.15243,77.0494633,HGI-DN-RHS,6
HGI,DN,HGI-DN,Starter,STR,15.15145,77.05773,HGI-DN-STR,6
VP,DN,VP-DN,Distant,DS,15.15682,77.1119567,VP-DN-DS,6
VP,DN,VP-DN,Home,HS,15.15781,77.121735,VP-DN-HS,6
VP,DN,VP-DN,Starter,STR,15.15915,77.1334017,VP-DN-STR,6
BNL,DN,BNL-DN,Distant,DS,15.16519,77.1950933,BNL-DN-DS,6
BNL,DN,BNL-DN,Home,HS,15.1661,77.2043217,BNL-DN-HS,6
BNL,DN,BNL-DN,Starter,STR,15.1675,77.2149367,BNL-DN-STR,6
BLL,DN,BLL-DN,Distant,DS,15.16471,77.2595533,BLL-DN-DS,6
BLL,DN,BLL-DN,Home,HS,15.16379,77.2692017,BLL-DN-HS,6
BLL,DN,BLL-DN,Starter,STR,15.16271,77.2791317,BLL-DN-STR,6
GTLW,DN,GTLW-DN,Distant,DS,15.15901,77.325095,GTLW-DN-DS,6
GTLW,DN,GTLW-DN,Home,HS,15.16208,77.3343767,GTLW-DN-HS,6
GTLW,DN,GTLW-DN,Starter,STR,15.16899,77.345955,GTLW-DN-STR,6
GTLW,DN,GTLW-DN,Inter Starter,ISTR,15.17535,77.3510083,GTLW-DN-ISTR,6
GTLW,DN,GTLW-DN,LSS cum Distant,LSSDS,15.17797,77.3506083,GTLW-DN-LSSDS,6
GTLB,DN,GTLB-DN,Home,HS,15.18372,77.3531983,GTLB-DN-HS,6
GTL,DN,GTL-DN,Home,HS,15.18361,77.3587767,GTL-DN-HS,6
GTL,DN,GTL-DN,Starter,STR,15.17363,77.3691733,GTL-DN-STR,6
GTL,UP,GTL-UP,Starter,STR,15.17571,77.3649183,GTL-UP-STR,32
GTL,UP,GTL-UP,Inter Starter,ISTR,15.17991,77.3613733,GTL-UP-ISTR,32
GTL,UP,GTL-UP,Inter Starter,ISTR,15.18439,77.3565267,GTL-UP-ISTR,32
GTL,UP,GTL-UP,LSS cum Distant,LSSDS,15.18412,77.354025,GTL-UP-LSSDS,32
GTLW,UP,GTLW-UP,Home,HS,15.17282,77.3505317,GTLW-UP-HS,32
GTLW,UP,GTLW-UP,Starter,STR,15.16578,77.340605,GTLW-UP-STR,32
BLL,UP,BLL-UP,Distant,DS,15.16094,77.2945733,BLL-UP-DS,32
BLL,UP,BLL-UP,Home,HS,15.16194,77.2850833,BLL-UP-HS,32
BLL,UP,BLL-UP,Starter,STR,15.1631,77.2746817,BLL-UP-STR,32
BNL,UP,BNL-UP,Distant,DS,15.16765,77.2313217,BNL-UP-DS,32
BNL,UP,BNL-UP,Home,HS,15.16776,77.2217817,BNL-UP-HS,32
BNL,UP,BNL-UP,Starter,STR,15.16646,77.20867,BNL-UP-STR,32
VP,UP,VP-UP,Distant,DS,15.16042,77.148215,VP-UP-DS,32
VP,UP,VP-UP,Home,HS,15.15947,77.1386883,VP-UP-HS,32
VP,UP,VP-UP,Starter,STR,15.15838,77.1277717,VP-UP-STR,32
HGI,UP,HGI-UP,Distant,DS,15.15321,77.0762667,HGI-UP-DS,32
HGI,UP,HGI-UP,Home,HS,15.15223,77.0666283,HGI-UP-HS,32
HGI,UP,HGI-UP,Starter,STR,15.1516,77.0522733,HGI-UP-STR,32
HDD,UP,HDD-UP,Distant,DS,15.1533,77.0040833,HDD-UP-DS,32
HDD,UP,HDD-UP,Home,HS,15.15308,76.9945883,HDD-UP-HS,32
HDD,UP,HDD-UP,Starter,STR,15.15279,76.9800483,HDD-UP-STR,32
BAY,UP,BAY-UP,Distant,DS,15.1518,76.9405417,BAY-UP-DS,32
BAY,UP,BAY-UP,Home,HS,15.15046,76.93094,BAY-UP-HS,32
BAY,UP,BAY-UP,Starter,STR,15.14352,76.92057,BAY-UP-STR,32
BAY,UP,BAY-UP,Inter Starter,ISTR,15.14088,76.916585,BAY-UP-ISTR,31
BAYB,UP,BAYB-UP,Inter Starter,ISTR,15.14116,76.9102767,BAYB-UP-ISTR,31
BAY,UP,BAY-UP,GS cum Distant,GSDS,15.1428,76.9075833,BAY-UP-GSDS,31
BYC,UP,BYC-UP,GS cum Distant,GSDS,15.15045,76.8953833,BYC-UP-GSDS,31
BYC,UP,BYC-UP,Home,HS,15.15273,76.8917467,BYC-UP-HS,31
BYC,UP,BYC-UP,Routing HS,RHS,15.15665,76.8857517,BYC-UP-RHS,31
BYC,UP,BYC-UP,Starter,STR,15.16086,76.8790233,BYC-UP-STR,31
BYC,UP,BYC-UP,Inter Starter,ISTR,15.16415,76.8734817,BYC-UP-ISTR,31
IB,UP,IB-UP,IB Distant,IBD,15.18401,76.8583617,BYC-UP-IBD,31
IB,UP,IB-UP,IBS,IBS,15.18795,76.84979,BYC-UP-IBS,31
KDN,UP,KDN-UP,Distant,DS,15.20802,76.7846167,KDN-UP-DS,31
KDN,UP,KDN-UP,Home,HS,15.21078,76.7756967,KDN-UP-HS,31
KDN,UP,KDN-UP,Starter,STR,15.21542,76.7607183,KDN-UP-STR,31
DAJ,UP,DAJ-UP,Distant,DS,15.22159,76.71992,DAJ-UP-DS,31
DAJ,UP,DAJ-UP,Home,HS,15.22403,76.7106367,DAJ-UP-HS,31
DAJ,UP,DAJ-UP,Starter,STR,15.22744,76.697615,DAJ-UP-STR,31
TNGL,UP,TNGL-UP,Distant,DS,15.21696,76.6807317,TNGL-UP-DS,31
TNGL,UP,TNGL-UP,Home,HS,15.20839,76.6775233,TNGL-UP-HS,31
TNGL,UP,TNGL-UP,Starter,STR,15.20305,76.6616183,TNGL-UP-STR,31
TNGL,UP,TNGL-UP,Inter Starter,ISTR,15.20564,76.6512617,TNGL-UP-ISTR,30
GNR,UP,GNR-UP,Distant,DS,15.21437,76.619275,GNR-UP-DS,30
GNR,UP,GNR-UP,Home,HS,15.21656,76.6085783,GNR-UP-HS,30
GNR,UP,GNR-UP,Starter,STR,15.21881,76.5976317,GNR-UP-STR,30
BYO,UP,BYO-UP,Distant,DS,15.22819,76.5580017,BYO-UP-DS,30
BYO,UP,BYO-UP,Home,HS,15.22891,76.5485967,BYO-UP-HS,30
BYO,UP,BYO-UP,Starter,STR,15.22992,76.5352317,BYO-UP-STR,30
BYO,UP,BYO-UP,GS cum Distant,GSDS,15.23049,76.527745,BYO-UP-GSDS,30
PKL,UP,PKL-UP,Distant,DS,15.23444,76.5102883,PKL-UP-DS,30
PKL,UP,PKL-UP,Home,HS,15.23675,76.5010083,PKL-UP-HS,30
PKL,UP,PKL-UP,Starter,STR,15.23422,76.4868417,PKL-UP-STR,30
KGW,UP,KGW-UP,Distant,DS,15.24189,76.449225,KGW-UP-DS,30
KGW,UP,KGW-UP,Home,HS,15.24613,76.4411417,KGW-UP-HS,30
KGW,UP,KGW-UP,Starter,STR,15.25291,76.431205,KGW-UP-STR,30
HPT,UP,HPT-UP,GS cum Distant,GSDS,15.2766,76.40623333,HPT-UP-GSDS,30
HPT,UP,HPT-UP,Home,HS,15.28093,76.3980417,HPT-UP-HS,30
HPT,UP,HPT-UP,Starter,STR,15.28804,76.3840617,HPT-UP-STR,30
MRB,UP,MRB-UP,Distant,DS,15.30132,76.353135,MRB-UP-DS,29
MRB,UP,MRB-UP,Home,HS,15.30491,76.3399817,MRB-UP-HS,29
MRB,UP,MRB-UP,Starter,STR,15.31316,76.3298417,MRB-UP-STR,29
GIN,UP,GIN-UP,Distant,DS,15.34657,76.26448,GIN-UP-DS,29
GIN,UP,GIN-UP,Home,HS,15.34777,76.25483,GIN-UP-HS,29
GIN,UP,GIN-UP,Starter,STR,15.34793,76.2409917,GIN-UP-STR,29
KBL,UP,KBL-UP,Distant,DS,15.35329,76.1642283,KBL-UP-DS,28
KBL,UP,KBL-UP,Home,HS,15.35469,76.1547283,KBL-UP-HS,28
KBL,UP,KBL-UP,Starter,STR,15.35379,76.1406133,KBL-UP-STR,28
BNP,UP,BNP-UP,Distant,DS,15.38001,76.0565667,BNP-UP-DS,28
BNP,UP,BNP-UP,Home,HS,15.38469,76.047285,BNP-UP-HS,28
BNP,UP,BNP-UP,Starter,STR,15.38806,76.033235,BNP-UP-STR,28
TLKL,UP,TLKL-UP,Distant,DS,15.39399,76.00862,TLKL-UP-DS,28
TLKL,UP,TLKL-UP,Home,HS,15.39624,75.99926,TLKL-UP-HS,28
TLKL,UP,TLKL-UP,Starter,STR,15.39895,75.98459,TLKL-UP-STR,28
BNA,UP,BNA-UP,Distant,DS,15.40443,75.9595317,BNA-UP-DS,27
BNA,UP,BNA-UP,Home,HS,15.40625,75.9487017,BNA-UP-HS,27
BNA,UP,BNA-UP,Starter,STR,15.40693,75.9360233,BNA-UP-STR,27
SOQ,UP,SOQ-UP,Distant,DS,15.4168,75.892535,SOQ-UP-DS,27
SOQ,UP,SOQ-UP,Home,HS,15.41921,75.883625,SOQ-UP-HS,27
SOQ,UP,SOQ-UP,Starter,STR,15.42215,75.8704883,SOQ-UP-STR,27
RLP,UP,RLP-UP,Distant,DS,15.42187,75.8118217,RLP-UP-DS,27
RLP,UP,RLP-UP,Home,HS,15.42831,75.8054133,RLP-UP-HS,27
RLP,UP,RLP-UP,Starter,STR,15.43746,75.7976933,RLP-UP-STR,27
KGX,UP,KGX-UP,Distant,DS,15.45121,75.734355,KGX-UP-DS,27
KGX,UP,KGX-UP,Home,HS,15.44925,75.72456,KGX-UP-HS,27
KGX,UP,KGX-UP,Starter,STR,15.44749,75.713445,KGX-UP-STR,27
GDG,UP,GDG-UP,Distant,DS,15.43821,75.6624083,GDG-UP-DS,27
GDG,UP,GDG-UP,Home,HS,15.43751,75.65223,GDG-UP-HS,27
GDG,UP,GDG-UP,Starter,STR,15.43656,75.6393633,GDG-UP-STR,27
GDG,UP,GDG-UP,LSS cum Distant,LSSDS,15.43642,75.63232,GDG-UP-LSSDS,27
GDGB,UP,GDGB-UP,Home,HS,15.43852,75.61718,GDGB-UP-HS,26
GDGB,UP,GDGB-UP,LSS cum Distant,LSSDS,15.43823,75.6119633,GDGB-UP-LSSDS,26
BKIT,UP,BKIT-UP,Home,HS,15.43774,75.6061617,BKIT-UP-HS,26
BKIT,UP,BKIT-UP,Starter,STR,15.43647,75.5910767,BKIT-UP-STR,26
LKT,UP,LKT-UP,Distant,DS,15.43877,75.546695,LKT-UP-DS,26
LKT,UP,LKT-UP,Home,HS,15.43602,75.537585,LKT-UP-HS,26
LKT,UP,LKT-UP,Starter,STR,15.43252,75.5263417,LKT-UP-STR,26
NGR,UP,NGR-UP,Distant,DS,15.43179,75.4546133,NGR-UP-DS,26
NGR,UP,NGR-UP,Home,HS,15.43213,75.4451117,NGR-UP-HS,26
NGR,UP,NGR-UP,Starter,STR,15.43264,75.4314567,NGR-UP-STR,26
NVD,UP,NVD-UP,Distant,DS,15.43471,75.372355,NVD-UP-DS,26
NVD,UP,NVD-UP,Home,HS,15.43507,75.3626117,NVD-UP-HS,26
NVD,UP,NVD-UP,Starter,STR,15.43551,75.3513533,NVD-UP-STR,26
HBS,UP,HBS-UP,Distant,DS,15.42953,75.3019983,HBS-UP-DS,26
HBS,UP,HBS-UP,Home,HS,15.42849,75.29302,HBS-UP-HS,26
HBS,UP,HBS-UP,Starter,STR,15.42164,75.2830667,HBS-UP-STR,26
KUG,UP,KUG-UP,Distant,DS,15.38956,75.2327217,KUG-UP-DS,26
KUG,UP,KUG-UP,Home,HS,15.38024,75.2322733,KUG-UP-HS,26
KUG,UP,KUG-UP,Starter,STR,15.36932,75.22583,KUG-UP-STR,26
BMAP,UP,BMAP-UP,Distant,DS,15.36313,75.200715,BMAP-UP-DS,62
BMAP,UP,BMAP-UP,Home,HS,15.36229,75.1912217,BMAP-UP-HS,62
UBL,UP,UBL-UP,Distant,DS,15.36162,75.1833717,UBL-UP-DS,62
UBL,UP,UBL-UP,Home,HS,15.3551,75.1762117,UBL-UP-HS,62
UBL,UP,UBL-UP,Starter,STR,15.35135,75.1483967,UBL-UP-STR,62
GNJ,UP,GNJ-UP,Distant,DS,15.51866,74.4740083,GNJ-UP-DS,9
GNJ,UP,GNJ-UP,Home,HS,15.53301,74.4767433,GNJ-UP-HS,9
GNJ,UP,GNJ-UP,Starter,STR,15.54502,74.4805783,GNJ-UP-STR,9
KNP,UP,KNP-UP,Distant,DS,15.62139,74.5016933,KNP-UP-DS,9
KNP,UP,KNP-UP,Home,HS,15.62826,74.5053067,KNP-UP-HS,9
KNP,UP,KNP-UP,Starter,STR,15.64162,74.4980967,KNP-UP-STR,9
DUR,UP,DUR-UP,Distant,DS,15.72967,74.499385,DUR-UP-DS,9
DUR,UP,DUR-UP,Home,HS,15.74598,74.4973283,DUR-UP-HS,9
DUR,UP,DUR-UP,Starter,STR,15.76141,74.4991617,DUR-UP-STR,9
BGM,UP,BGM-UP,Home,HS,15.83553,74.5009767,BGM-UP-HS,9
BGM,UP,BGM-UP,Routing Home,RHS,15.84211,74.5036017,BGM-UP-RHS,9
BGM,UP,BGM-UP,Starter,STR,15.85056,74.5105917,BGM-UP-STR,9
BGM,UP,BGM-UP,GS cum Distant,GSDS,15.85327,74.5165467,BGM-UP-GSDS,9
SXB,UP,SXB-UP,Distant,DS,15.87489,74.5584,SXB-UP-DS,9
SXB,UP,SXB-UP,Home,HS,15.87965,74.568095,SXB-UP-HS,9
SXB,UP,SXB-UP,Starter,STR,15.88611,74.5815533,SXB-UP-STR,9
SXB,UP,SXB-UP,GS cum Distant,GSDS,15.88782,74.5854583,SXB-UP-GSDS,9
SBH,UP,SBH-UP,Distant,DS,15.90235,74.6181917,SBH-UP-DS,9
SBH,UP,SBH-UP,Home,HS,15.90619,74.6268333,SBH-UP-HS,9
SBH,UP,SBH-UP,Starter,STR,15.91148,74.6386533,SBH-UP-STR,9
SUL,UP,SUL-UP,Distant,DS,15.98372,74.674585,SUL-UP-DS,9
SUL,UP,SUL-UP,Home,HS,15.99341,74.6763383,SUL-UP-HS,9
SUL,UP,SUL-UP,Starter,STR,16.00463,74.6784467,SUL-UP-STR,9
SUL,UP,SUL-UP,GS cum Distant,GSDS,16.00888,74.6796983,SUL-UP-GSDS,9
PCH,UP,PCH-UP,Distant,DS,16.05967,74.6729933,PCH-UP-DS,9
PCH,UP,PCH-UP,Home,HS,16.07025,74.6704933,PCH-UP-HS,9
PCH,UP,PCH-UP,Starter,STR,16.08066,74.6710883,PCH-UP-STR,9
PCH,UP,PCH-UP,GS cum Distant,GSDS,16.08392,74.671315,PCH-UP-GSDS,9
IB,UP,IB-UP,IB Distant,IBD,16.12969,74.68944,PCH-UP-IBD,9
IB,UP,IB-UP,IBS,IBS,16.13782,74.6937883,PCH-UP-IBS,9
GKK,UP,GKK-UP,Distant,DS,16.1849,74.7335683,GKK-UP-DS,9
GKK,UP,GKK-UP,Home,HS,16.19434,74.7389833,GKK-UP-HS,9
GKK,UP,GKK-UP,Starter,STR,16.20755,74.7390133,GKK-UP-STR,9
GPB,UP,GPB-UP,GS cum Distant,GSDS,16.22442,74.76078,GPB-UP-GSDS,9
GPB,UP,GPB-UP,Home,HS,16.2339,74.7607767,GPB-UP-HS,9
GPB,UP,GPB-UP,Starter,STR,16.2441,74.7585317,GPB-UP-STR,9
IB,UP,IB-UP,IB Distant,IBD,16.30057,74.7515067,GPB-UP-IBD,9
IB,UP,IB-UP,IBS,IBS,16.31053,74.7550933,GPB-UP-IBS,9
CKR,UP,CKR-UP,Distant,DS,16.35516,74.7670133,CKR-UP-DS,9
CKR,UP,CKR-UP,Home,HS,16.36428,74.7685033,CKR-UP-HS,9
CKR,UP,CKR-UP,Starter,STR,16.37648,74.7706433,CKR-UP-STR,9
IB,UP,IB-UP,IB Distant,IBD,16.41379,74.785675,CKR-UP-IBD,9
IB,UP,IB-UP,IBS,IBS,16.42251,74.7833383,CKR-UP-IBS,9
RBG,UP,RBG-UP,Distant,DS,16.47031,74.8024933,RBG-UP-DS,9
RBG,UP,RBG-UP,Home,HS,16.48022,74.801325,RBG-UP-HS,9
RBG,UP,RBG-UP,Starter,STR,16.48542,74.811285,RBG-UP-STR,9
CNC,UP,CNC-UP,Distant,DS,16.54795,74.84712,CNC-UP-DS,9
CNC,UP,CNC-UP,Home,HS,16.55667,74.85076,CNC-UP-HS,9
CNC,UP,CNC-UP,Starter,STR,16.57049,74.8549367,CNC-UP-STR,9
CNC,UP,CNC-UP,GS cum Distant,GSDS,16.57356,74.8559067,CNC-UP-GSDS,9
KUD,UP,KUD-UP,Distant,DS,16.60196,74.8581733,KUD-UP-DS,9
KDU,UP,KDU-UP,Home,HS,16.61177,74.85834,KDU-UP-HS,9
KUD,UP,KUD-UP,Starter,STR,16.62486,74.8584983,KUD-UP-STR,9
UGR,UP,UGR-UP,Distant,DS,16.65634,74.8355467,UGR-UP-DS,9
UGR,UP,UGR-UP,Home,HS,16.66406,74.827595,UGR-UP-HS,9
UGR,UP,UGR-UP,Starter,STR,16.67245,74.8185817,UGR-UP-STR,9
SED,UP,SED-UP,Distant,DS,16.70962,74.7650333,SED-UP-DS,9
SED,UP,SED-UP,Home,HS,16.71694,74.7566267,SED-UP-HS,9
SED,UP,SED-UP,Starter,STR,16.72488,74.7480367,SED-UP-STR,9
VJR,UP,VJR-UP,Distant,DS,16.76866,74.713465,VJR-UP-DS,9
VJR,UP,VJR-UP,Home,HS,16.77157,74.70418,VJR-UP-HS,9
VJR,UP,VJR-UP,Starter,STR,16.77969,74.6947283,VJR-UP-STR,9
MRJ,UP,MRJ-UP,Distant,DS,16.80824,74.656825,MRJ-UP-DS,9
MRJ,UP,MRJ-UP,Home,HS,16.80985,74.6476,MRJ-UP-HS,9
MRJ,UP,MRJ-UP,Routing HS,RHS,16.81524,74.640435,MRJ-UP-RHS,9
MRJ,UP,MRJ-UP,Starter,STR,16.82274,74.6379467,MRJ-UP-STR,9
MRJ,DN,MRJ-DN,Starter,STR,16.81764,74.6395617,MRJ-DN-STR,35
VJR,DN,VJR-DN,Distant,DS,16.79082,74.682065,VJR-DN-DS,35
VJR,DN,VJR-DN,Home,HS,16.78372,74.6902483,VJR-DN-HS,35
VJR,DN,VJR-DN,Starter,STR,16.77552,74.6996383,VJR-DN-STR,35
SED,DN,SED-DN,Distant,DS,16.73798,74.739235,SED-DN-DS,35
SED,DN,SED-DN,Home,HS,16.72926,74.7450717,SED-DN-HS,35
SED,DN,SED-DN,Starter,STR,16.72058,74.7526717,SED-DN-STR,35
UGR,DN,UGR-DN,Distant,DS,16.67689,74.8038833,UGR-DN-DS,35
UGR,DN,UGR-DN,Home,HS,16.67501,74.8133317,UGR-DN-HS,35
UGR,DN,UGR-DN,Starter,STR,16.66823,74.8234267,UGR-DN-STR,35
KUD,DN,KUD-DN,Distant,DS,16.64271,74.85021,KUD-DN-DS,35
KUD,DN,KUD-DN,Home,HS,16.63184,74.8563733,KUD-DN-HS,35
KUD,DN,KUD-DN,Starter,STR,16.61688,74.858435,KUD-DN-STR,35
CNC,DN,CNC-DN,Home,HS,16.57555,74.856455,CNC-DN-HS,35
CNC,DN,CNC-DN,Starter,STR,16.56473,74.8533033,CNC-DN-STR,35
RBG,DN,RBG-DN,Distant,DS,16.49918,74.821275,RBG-DN-DS,35
RBG,DN,RBG-DN,Home,HS,16.48983,74.8162117,RBG-DN-HS,35
RBG,DN,RBG-DN,Starter,STR,16.48297,74.8064167,RBG-DN-STR,35
IB,DN,IB-DN,IB Distant,IBD,16.42965,74.7860667,RBG-DN-IBD,35
IB,DN,IB-DN,IBS,IBS,16.41982,74.7830683,RBG-DN-IBS,35
CKR,DN,CKR-DN,Distant,DS,16.39042,74.7757167,CKR-DN-DS,35
CKR,DN,CKR-DN,Home,HS,16.38098,74.7713483,CKR-DN-HS,35
CKR,DN,CKR-DN,Starter,STR,16.37064,74.769775,CKR-DN-STR,35
IB,DN,IB-DN,IB Distant,IBD,16.31672,74.75681,CKR-DN-IBD,35
IB,DN,IB-DN,IBS,IBS,16.30744,74.75332,CKR-DN-IBS,35
GPB,DN,GPB-DN,Distant,DS,16.25965,74.7524917,GPB-DN-DS,35
GPB,DN,GPB-DN,Home,HS,16.25045,74.7560433,GPB-DN-HS,35
GPB,DN,GPB-DN,Starter,STR,16.23841,74.7604483,GPB-DN-STR,35
GPB,DN,GPB-DN,GS cum Distant,GSDS,16.2353,74.760745,GPB-DN-GSDS,35
GKK,DN,GKK-DN,Distant,DS,16.21301,74.75419,GKK-DN-DS,35
GKK,DN,GKK-DN,Home,HS,16.21193,74.744095,GKK-DN-HS,35
GKK,DN,GKK-DN,Starter,STR,16.20149,74.7388583,GKK-DN-STR,35
IB,DN,IB-DN,IB Distant,IBD,16.14144,74.69681,GKK-DN-IBD,35
IB,DN,IB-DN,IBS,IBS,16.13418,74.69124,GKK-DN-IBS,35
PCH,DN,PCH-DN,GS cum Distant,GSDS,16.10012,74.6770067,PCH-DN-GSDS,35
PCH,DN,PCH-DN,Home,HS,16.08549,74.6714383,PCH-DN-HS,35
PCH,DN,PCH-DN,Starter,STR,16.07467,74.6706617,PCH-DN-STR,35
SUL,DN,SUL-DN,Home,HS,16.01017,74.6801617,SUL-DN-HS,35
SUL,DN,SUL-DN,Starter,STR,15.99873,74.6773867,SUL-DN-STR,35
SBH,DN,SBH-DN,Distant,DS,15.92179,74.6521683,SBH-DN-DS,35
SBH,DN,SBH-DN,Home,HS,15.91415,74.6448067,SBH-DN-HS,35
SBH,DN,SBH-DN,Starter,STR,15.90903,74.6329683,SBH-DN-STR,35
SXB,DN,SXB-DN,GS cum Distant,GSDS,15.89285,74.596765,SXB-DN-GSDS,35
SXB,DN,SXB-DN,Home,HS,15.88886,74.587765,SXB-DN-HS,35
SXB,DN,SXB-DN,Starter,STR,15.88307,74.57484,SXB-DN-STR,35
BGM,DN,BGM-DN,Home,HS,15.85412,74.5213267,BGM-DN-HS,35
BGM,DN,BGM-DN,Starter,STR,15.84601,74.5064333,BGM-DN-STR,35
DUR,DN,DUR-DN,Distant,DS,15.77697,74.4986183,DUR-DN-DS,35
DUR,DN,DUR-DN,Home,HS,15.76722,74.498715,DUR-DN-HS,35
DUR,DN,DUR-DN,Starter,STR,15.7529,74.4983833,DUR-DN-STR,35
DUR,DN,DUR-DN,GS cum Distant,GSDS,15.74736,74.4975983,DUR-DN-GSDS,35
KNP,DN,KNP-DN,Distant,DS,15.65807,74.500555,KNP-DN-DS,35
KNP,DN,KNP-DN,Home,HS,15.64777,74.4984583,KNP-DN-HS,35
KNP,DN,KNP-DN,Starter,STR,15.63477,74.5010133,KNP-DN-STR,35
GNJ,DN,GNJ-DN,Distant,DS,15.56366,74.4807367,GNJ-DN-DS,35
GNJ,DN,GNJ-DN,Home,HS,15.55357,74.4818417,GNJ-DN-HS,35
GNJ,DN,GNJ-DN,Starter,STR,15.5392,74.4784883,GNJ-DN-STR,35
LD,DN,LD-DN,Distant,DS,15.45431,74.48752,LD-DN-DS,35
LD,DN,LD-DN,Home,HS,15.44481,74.4901033,LD-DN-HS,35
GDG,DN,GDG-DN,Starter,STR,15.43664,75.6385267,GDG-DN-STR,12
GDG,DN,GDG-DN,LSS cum Distant,LSSDS,15.43688,75.6296767,GDG-DN-LSSDS,12
GDGB(B),DN,GDGB(B)-DN,Home,HS,15.43898,75.623575,GDGB(B)-DN-HS,12
HBL,DN,HBL-DN,Distant,DS,15.50724,75.57967,HBL-DN-DS,12
HBL,DN,HBL-DN,Home,HS,15.51547,75.5753633,HBL-DN-HS,12
HBL,DN,HBL-DN,Starter,STR,15.52756,75.580815,HBL-DN-STR,12
BLR,DN,BLR-DN,Distant,DS,15.57963,75.6083133,BLR-DN-DS,12
BLR,DN,BLR-DN,Home,HS,15.58804,75.60393,BLR-DN-HS,12
BLR,DN,BLR-DN,Starter,STR,15.60039,75.604435,BLR-DN-STR,12
MLP,DN,MLP-DN,Distant,DS,15.66032,75.611215,MLP-DN-DS,12
MLP,DN,MLP-DN,Home,HS,15.66958,75.6107283,MLP-DN-HS,12
MLP,DN,MLP-DN,Starter,STR,15.67873,75.6101583,MLP-DN-STR,12
IB,DN,IB-DN,IB Distant,IBD,15.75551,75.6290067,MLP-DN-IBD,12
IB,DN,IB-DN,IBS,IBS,15.76501,75.631585,MLP-DN-IBS,12
HLAR,DN,HLAR-DN,Distant,DS,15.80167,75.6480533,HLAR-DN-DS,12
HLAR,DN,HLAR-DN,Home,HS,15.81084,75.646205,HLAR-DN-HS,12
HLAR,DN,HLAR-DN,Starter,STR,15.82294,75.6472917,HLAR-DN-STR,12
LKY,DN,LKY-DN,Distant,DS,15.85582,75.6292317,LKY-DN-DS,12
LKY,DN,LKY-DN,Home,HS,15.86304,75.623545,LKY-DN-HS,12
LKY,DN,LKY-DN,Starter,STR,15.87417,75.629875,LKY-DN-STR,12
BDM,DN,BDM-DN,Distant,DS,15.94302,75.6703967,BDM-DN-DS,12
BDM,DN,BDM-DN,Home,HS,15.9511,75.6750233,BDM-DN-HS,12
BDM,DN,BDM-DN,Starter,STR,15.9626,75.6774867,BDM-DN-STR,12
BDM,DN,BDM-DN,GS cum Distant,GSDS,15.966,75.6781733,BDM-DN-GSDS,12
GED,DN,GED-DN,Distant,DS,16.04848,75.6865817,GED-DN-DS,12
GED,DN,GED-DN,Home,HS,16.05706,75.69031,GED-DN-HS,12
GED,DN,GED-DN,Starter,STR,16.067,75.6945767,GED-DN-STR,12
BGK,DN,BGK-DN,Distant,DS,16.15718,75.6890183,BGK-DN-DS,12
BGK,DN,BGK-DN,Home,HS,16.16631,75.691735,BGK-DN-HS,12
BGK,DN,BGK-DN,Starter,STR,16.18147,75.7037217,BGK-DN-STR,12
MGL,DN,MGL-DN,Distant,DS,16.21341,75.73938,MGL-DN-DS,13
MGL,DN,MGL-DN,Home,HS,16.22034,75.7447167,MGL-DN-HS,13
MGL,DN,MGL-DN,Starter,STR,16.22621,75.7565567,MGL-DN-STR,13
JRKT,DN,JRKT-DN,Distant,DS,16.26668,75.8287167,JRKT-DN-DS,13
JRKT,DN,JRKT-DN,Home,HS,16.27415,75.83434,JRKT-DN-HS,13
JRKT,DN,JRKT-DN,Starter,STR,16.28616,75.838615,JRKT-DN-STR,13
IB,DN,IB-DN,IB Distant,IBD,16.31736,75.8588883,JRKT-DN-IBD,13
IB,DN,IB-DN,IBS,IBS,16.32045,75.8681983,JRKT-DN-IBS,13
LMT,DN,LMT-DN,Distant,DS,16.32763,75.9006717,LMT-DN-DS,13
LMT,DN,LMT-DN,Home,HS,16.33673,75.90209,LMT-DN-HS,13
LMT,DN,LMT-DN,Starter,STR,16.34818,75.9008417,LMT-DN-STR,13
WDL,DN,WDL-DN,Distant,DS,16.40716,75.87638,WDL-DN-DS,13
WDL,DN,WDL-DN,Home,HS,16.41291,75.8693117,WDL-DN-HS,13
WDL,DN,WDL-DN,Starter,STR,16.42036,75.8576017,WDL-DN-STR,13
BSRX,DN,BSRX-DN,Distant,DS,16.45967,75.8391733,BSRX-DN-DS,13
BSRX,DN,BSRX-DN,Home,HS,16.47226,75.835435,BSRX-DN-HS,13
BSRX,DN,BSRX-DN,Starter,STR,16.48118,75.827015,BSRX-DN-STR,13
KDGI,DN,KDGI-DN,Distant,DS,16.49598,75.8212,KDGI-DN-DS,13
KDGI,DN,KDGI-DN,Home,HS,16.50718,75.8197,KDGI-DN-HS,13
KDGI,DN,KDGI-DN,Starter,STR,16.52058,75.814295,KDGI-DN-STR,13
MVD,DN,MVD-DN,Distant,DS,16.60014,75.7535117,MVD-DN-DS,13
MVD,DN,MVD-DN,Home,HS,16.60877,75.7496733,MVD-DN-HS,13
MVD,DN,MVD-DN,Starter,STR,16.62071,75.74663,MVD-DN-STR,13
JML,DN,JML-DN,Distant,DS,16.70938,75.7228117,JML-DN-DS,13
JML,DN,JML-DN,Home,HS,16.71775,75.7155717,JML-DN-HS,13
JML,DN,JML-DN,Starter,STR,16.72803,75.7118817,JML-DN-STR,13
BJP,DN,BJP-DN,Distant,DS,16.80878,75.7347467,BJP-DN-DS,13
BJP,DN,BJP-DN,Home,HS,16.81646,75.73902,BJP-DN-HS,13
BJP,DN,BJP-DN,Routing HS,RHS,16.82367,75.7399083,BJP-DN-RHS,13
BJP,DN,BJP-DN,Starter,STR,16.83511,75.7395233,BJP-DN-STR,13
BJP,DN,BJP-DN,Inter Starter,ISTR,16.83805,75.7405983,BJP-DN-ISTR,13
AYB,DN,AYB-DN,Distant,DS,16.87847,75.75868,AYB-DN-DS,13
AYB,DN,AYB-DN,Home,HS,16.88533,75.7648133,AYB-DN-HS,13
AYB,DN,AYB-DN,Starter,STR,16.89349,75.7738267,AYB-DN-STR,13
MNL,DN,MNL-DN,Distant,DS,16.95315,75.811205,MNL-DN-DS,13
MNL,DN,MNL-DN,Home,HS,16.96049,75.816595,MNL-DN-HS,13
MNL,DN,MNL-DN,Starter,STR,16.97571,75.8228133,MNL-DN-STR,13
NBL,DN,NBL-DN,Distant,DS,17.10301,75.8623267,NBL-DN-DS,13
NBL,DN,NBL-DN,Home,HS,17.11253,75.8612283,NBL-DN-HS,13
NBL,DN,NBL-DN,Starter,STR,17.1238,75.8597083,NBL-DN-STR,13
IDR,DN,IDR-DN,Distant,DS,17.20602,75.899165,IDR-DN-DS,13
IDR,DN,IDR-DN,Home,HS,17.20852,75.9090917,IDR-DN-HS,13
IDR,DN,IDR-DN,Starter,STR,17.21153,75.92065,IDR-DN-STR,13
LHN,DN,LHN-DN,Distant,DS,17.26281,75.963445,LHN-DN-DS,13
LHN,DN,LHN-DN,Home,HS,17.27171,75.96594,LHN-DN-HS,13
LHN,DN,LHN-DN,Starter,STR,17.28106,75.9730083,LHN-DN-STR,13
TVL,DN,TVL-DN,Distant,DS,17.37576,75.9779367,TVL-DN-DS,13
TVL,DN,TVL-DN,Home,HS,17.38605,75.976665,TVL-DN-HS,13
TVL,DN,TVL-DN,Starter,STR,17.39707,75.975395,TVL-DN-STR,13
IB,DN,IB-DN,IB Distant,IBD,17.44296,75.97185,TVL-DN-IBD,13
IB,DN,IB-DN,IBS,IBS,17.45237,75.9735933,TVL-DN-IBS,13
HG,DN,HG-DN,Distant,DS,17.53907,75.99522,HG-DN-DS,13
HG,DN,HG-DN,Home,HS,17.54877,75.9965883,HG-DN-HS,13
HG,DN,HG-DN,Routing HS,RHS,17.56043,75.99519,HG-DN-RHS,13
HG,DN,HG-DN,Starter,STR,17.56688,75.98727,HG-DN-STR,13
HG,DN,HG-DN,Starter,STR,17.56688,75.98727,HG-DN-STR,14
TKWD,DN,TKWD-DN,Distant,DS,17.59778,75.9521283,TKWD-DN-DS,14
TKWD,DN,TKWD-DN,Inner Dist,IDS,17.60438,75.94539,TKWD-DN-IDS,14
TKWD,DN,TKWD-DN,Home,HS,17.61094,75.9382267,TKWD-DN-HS,14
TKWD,DN,TKWD-DN,Starter,STR,17.61742,75.9312833,TKWD-DN-STR,14
SUR,DN,SUR-DN,Distant,DS,17.64122,75.9126233,SUR-DN-DS,14
SUR,DN,SUR-DN,Inner Dist,IDS,17.64846,75.90632,SUR-DN-IDS,14
SUR,DN,SUR-DN,Home,HS,17.65551,75.9001233,SUR-DN-HS,14
SUR,DN,SUR-DN,Inner Dist,IDS,17.65966,75.8963967,SUR-DN-IDS,14
SUR,DN,SUR-DN,Starter,STR,17.66628,75.8919983,SUR-DN-STR,14
SUR,UP,SUR-UP,Starter,STR,17.66227,75.894315,SUR-UP-STR,40
SUR,UP,SUR-UP,Starter,STR,17.65589,75.89976,SUR-UP-STR,40
TKWD,UP,TKWD-UP,Distant,DS,17.63879,75.9146083,TKWD-UP-DS,40
TKWD,UP,TKWD-UP,Inner Dist,IDS,17.62864,75.9226383,TKWD-UP-IDS,40
TKWD,UP,TKWD-UP,Home,HS,17.62078,75.92771,TKWD-UP-HS,40
TKWD,UP,TKWD-UP,Starter,STR,17.6127,75.93644,TKWD-UP-STR,40
HG,UP,HG-UP,Distant,DS,17.58275,75.96881,HG-UP-DS,40
HG,UP,HG-UP,Inner Dist,IDS,17.57696,75.9750667,HG-UP-IDS,40
HG,UP,HG-UP,Home,HS,17.57085,75.982755,HG-UP-HS,40
HG,UP,HG-UP,Routing HS,RHS,17.56819,75.9859517,HG-UP-RHS,40
HG,UP,HG-UP,Starter,STR,17.56376,75.9917217,HG-UP-STR,40
HG,UP,HG-UP,Inter Starter,ISTR,17.55821,75.9954583,HG-UP-ISTR,39
HG,UP,HG-UP,Inter Starter,ISTR,17.55568,75.9951217,HG-UP-ISTR,39
IB,UP,IB-UP,IB Distant,IBD,17.47372,75.9829433,HG-UP-IBD,39
IB,UP,IB-UP,IBS,IBS,17.46476,75.9769767,HG-UP-IBS,39
TVL,UP,TVL-UP,Distant,DS,17.41271,75.9733617,TVL-UP-DS,39
TVL,UP,TVL-UP,Home,HS,17.40368,75.9744867,TVL-UP-HS,39
TVL,UP,TVL-UP,Starter,STR,17.39087,75.976155,TVL-UP-STR,39
LHN,UP,LHN-UP,Distant,DS,17.29276,75.98219,LHN-UP-DS,39
LHN,UP,LHN-UP,Home,HS,17.28456,75.9758917,LHN-UP-HS,39
LHN,UP,LHN-UP,Starter,STR,17.27592,75.969315,LHN-UP-STR,39
IDR,UP,IDR-UP,Distant,DS,17.22115,75.9342217,IDR-UP-DS,39
IDR,UP,IDR-UP,Home,HS,17.21404,75.9266133,IDR-UP-HS,39
IDR,UP,IDR-UP,Starter,STR,17.20993,75.914745,IDR-UP-STR,39
NBL,UP,NBL-UP,Distant,DS,17.13642,75.8633283,NBL-UP-DS,39
NBL,UP,NBL-UP,Home,HS,17.12808,75.8594283,NBL-UP-HS,39
NBL,UP,NBL-UP,Starter,STR,17.11735,75.8607483,NBL-UP-STR,39
MNL,UP,MNL-UP,Distant,DS,16.99677,75.82387,MNL-UP-DS,39
MNL,UP,MNL-UP,Home,HS,16.98436,75.8224233,MNL-UP-HS,39
MNL,UP,MNL-UP,Starter,STR,16.96946,75.82173,MNL-UP-STR,39
AYB,UP,AYB-UP,Distant,DS,16.90659,75.7869817,AYB-UP-DS,39
AYB,UP,AYB-UP,Home,HS,16.89793,75.7787533,AYB-UP-HS,39
AYB,UP,AYB-UP,Starter,STR,16.88851,75.7684017,AYB-UP-STR,39
BJP,UP,BJP-UP,Distant,DS,16.8534,75.7469667,BJP-UP-DS,39
BJP,UP,BJP-UP,Home,HS,16.8446,75.7433633,BJP-UP-HS,39
BJP,UP,BJP-UP,Inner HS,IHS,16.84003,75.7414433,BJP-UP-IHS,39
BJP,UP,BJP-UP,Starter,STR,16.82874,75.7396717,BJP-UP-STR,39
BJP,UP,BJP-UP,Routing starter,WRN,16.82569,75.739735,BJP-UP-WRN,39
JML,UP,JML-UP,Distant,DS,16.74268,75.70971,JML-UP-DS,39
JML,UP,JML-UP,Home,HS,16.73353,75.7111067,JML-UP-HS,39
JML,UP,JML-UP,Starter,STR,16.72193,75.7139667,JML-UP-STR,39
MVD,UP,MVD-UP,Distant,DS,16.63505,75.7431667,MVD-UP-DS,39
MVD,UP,MVD-UP,Home,HS,16.62612,75.7453817,MVD-UP-HS,39
MVD,UP,MVD-UP,Starter,STR,16.61437,75.748185,MVD-UP-STR,39
KDGI,UP,KDGI-UP,Distant,DS,16.53732,75.80738,KDGI-UP-DS,39
KDGI,UP,KDGI-UP,Home,HS,16.52953,75.8121017,KDGI-UP-HS,39
KDGI,UP,KDGI-UP,Starter,STR,16.51419,75.8173267,KDGI-UP-STR,39
BSRX,UP,BSRX-UP,Distant,DS,16.49443,75.8214183,BSRX-UP-DS,39
BSRX,UP,BSRX-UP,Home,HS,16.48543,75.8233633,BSRX-UP-HS,39
BSRX,UP,BSRX-UP,Starter,STR,16.47665,75.8314983,BSRX-UP-STR,39
WDL,UP,WDL-UP,Distant,DS,16.43057,75.8486717,WDL-UP-DS,39
WDL,UP,WDL-UP,Home,HS,16.42293,75.8533017,WDL-UP-HS,39
WDL,UP,WDL-UP,Starter,STR,16.41715,75.8631017,WDL-UP-STR,39
LMT,UP,LMT-UP,Distant,DS,16.3664,75.891255,LMT-UP-DS,39
LMT,UP,LMT-UP,Home,HS,16.35859,75.897455,LMT-UP-HS,39
LMT,UP,LMT-UP,Starter,STR,16.34169,75.9017617,LMT-UP-STR,39
IB,UP,IB-UP,IB Distant,IBD,16.32156,75.8713833,LMT-UP-IBD,39
IB,UP,IB-UP,IBS,IBS,16.31849,75.86213,LMT-UP-IBS,39
JRKT,UP,JRKT-UP,Distant,DS,16.29904,75.8451817,JRKT-UP-DS,39
JRKT,UP,JRKT-UP,Home,HS,16.29059,75.8396817,JRKT-UP-HS,39
JRKT,UP,JRKT-UP,Starter,STR,16.28018,75.837255,JRKT-UP-STR,39
MGL,UP,MGL-UP,Distant,DS,16.2308,75.77234,MGL-UP-DS,39
MGL,UP,MGL-UP,Home,HS,16.22907,75.763335,MGL-UP-HS,39
MGL,UP,MGL-UP,Starter,STR,16.2234,75.7497633,MGL-UP-STR,39
BGK,UP,BGK-UP,Distant,DS,16.1944,75.7184567,BGK-UP-DS,39
BGK,UP,BGK-UP,Home,HS,16.18719,75.71282,BGK-UP-HS,39
BGK,UP,BGK-UP,Routing HS,RHS,16.18323,75.7064317,BGK-UP-RHS,39
BGK,UP,BGK-UP,Starter,STR,16.17674,75.6963817,BGK-UP-STR,39
GED,UP,GED-UP,Distant,DS,16.08459,75.6989917,GED-UP-DS,38
GED,UP,GED-UP,Home,HS,16.07273,75.69706,GED-UP-HS,38
GED,UP,GED-UP,Starter,STR,16.06115,75.691975,GED-UP-STR,38
BDM,UP,BDM-UP,Home,HS,15.96759,75.677935,BDM-UP-HS,38
BDM,UP,BDM-UP,Starter,STR,15.95633,75.6762867,BDM-UP-STR,38
LKY,UP,LKY-UP,Distant,DS,15.88713,75.637505,LKY-UP-DS,38
LKY,UP,LKY-UP,Home,HS,15.87836,75.6323567,LKY-UP-HS,38
LKY,UP,LKY-UP,Starter,STR,15.86825,75.62645,LKY-UP-STR,38
HLAR,UP,HLAR-UP,Distant,DS,15.8427,75.6497167,HLAR-UP-DS,38
HLAR,UP,HLAR-UP,Home,HS,15.83343,75.6488017,HLAR-UP-HS,38
HLAR,UP,HLAR-UP,Starter,STR,15.81637,75.6465483,HLAR-UP-STR,38
IB,UP,IB-UP,IB Distant,IBD,15.77005,75.635385,HLAR-UP-IBD,38
IB,UP,IB-UP,IBS,IBS,15.76199,75.63077,HLAR-UP-IBS,38
MLP,UP,MLP-UP,Distant,DS,15.69282,75.6133667,MLP-UP-DS,38
MLP,UP,MLP-UP,Home,HS,15.68296,75.6099567,MLP-UP-HS,38
MLP,UP,MLP-UP,Starter,STR,15.67216,75.6106083,MLP-UP-STR,38
BLR,UP,BLR-UP,Distant,DS,15.6144,75.60898,BLR-UP-DS,38
BLR,UP,BLR-UP,Home,HS,15.60393,75.6074033,BLR-UP-HS,38
BLR,UP,BLR-UP,Starter,STR,15.59433,75.6027033,BLR-UP-STR,38
HBL,UP,HBL-UP,Distant,DS,15.53954,75.5881917,HBL-UP-DS,38
HBL,UP,HBL-UP,Home,HS,15.5312,75.5829867,HBL-UP-HS,38
HBL,UP,HBL-UP,Starter,STR,15.52187,75.577675,HBL-UP-STR,38
GDGB,UP,GDGB-UP,Distant,DS,15.45682,75.6179967,GDGB-UP-DS,38
GDGB,UP,GDGB-UP,Home,HS,15.44848,75.621535,GDGB-UP-HS,38
GDGB,UP,GDGB-UP,LSS cum Distant,LSSDS,15.44462,75.6219233,GDGB-UP-LSSDS,38
GDG(B),UP,GDG(B)-UP,Home,HS,15.43708,75.6285733,GDG(B)-UP-HS,38
GDG,UP,GDG-UP,Starter,STR,15.4372,75.6467867,GDG-UP-STR,38
SUBL,DN,SUBL-DN,Home,HS,15.34296,75.1708533,SUBL-DN-HS,11
SUBL,DN,SUBL-DN,Starter,STR,15.33012,75.1773467,SUBL-DN-STR,11
KNO,DN,KNO-DN,Home,HS,15.2632,75.2461617,KNO-DN-HS,11
KNO,DN,KNO-DN,Starter,STR,15.25504,75.2536083,KNO-DN-STR,11
SNH,DN,SNH-DN,Distant,DS,15.21794,75.2859067,SNH-DN-DS,11
SNH,DN,SNH-DN,Home,HS,15.21057,75.2931717,SNH-DN-HS,11
SNH,DN,SNH-DN,Starter,STR,15.20221,75.3014567,SNH-DN-STR,11
GDI,DN,GDI-DN,Distant,DS,15.14005,75.3519117,GDI-DN-DS,11
GDI,DN,GDI-DN,Home,HS,15.131,75.3562817,GDI-DN-HS,11
GDI,DN,GDI-DN,Starter,STR,15.12123,75.361105,GDI-DN-STR,11
YLG,DN,YLG-DN,Distant,DS,15.05435,75.405005,YLG-DN-DS,11
YLG,DN,YLG-DN,Home,HS,15.04385,75.4096967,YLG-DN-HS,11
YLG,DN,YLG-DN,Starter,STR,15.0299,75.411855,YLG-DN-STR,11
SVNR,DN,SVNR-DN,Distant,DS,14.98203,75.41006,SVNR-DN-DS,11
SVNR,DN,SVNR-DN,Home,HS,14.97195,75.4096217,SVNR-DN-HS,11
SVNR,DN,SVNR-DN,Starter,STR,14.96107,75.40664,SVNR-DN-STR,11
KJG,DN,KJG-DN,Home,HS,14.85675,75.4104083,KJG-DN-HS,11
KJG,DN,KJG-DN,Starter,STR,14.8465,75.4057433,KJG-DN-STR,11
HVR,DN,HVR-DN,Home,HS,14.80365,75.4038817,HVR-DN-HS,11
HVR,DN,HVR-DN,Starter,STR,14.79175,75.4131883,HVR-DN-STR,11
BYD,DN,BYD-DN,Distant,DS,14.71092,75.4785867,BYD-DN-DS,11
BYD,DN,BYD-DN,Home,HS,14.70278,75.4851983,BYD-DN-HS,11
BYD,DN,BYD-DN,Starter,STR,14.69661,75.4940817,BYD-DN-STR,11
DAD,DN,DAD-DN,Distant,DS,14.66742,75.5587733,DAD-DN-DS,11
DAD,DN,DAD-DN,Home,HS,14.6677,75.5706283,DAD-DN-HS,11
DAD,DN,DAD-DN,Starter,STR,14.66774,75.5818333,DAD-DN-STR,11
RNR,DN,RNR-DN,Distant,DS,14.63718,75.6212217,RNR-DN-DS,11
RNR,DN,RNR-DN,Home,HS,14.63138,75.6287183,RNR-DN-HS,11
RNR,DN,RNR-DN,Starter,STR,14.62308,75.6398133,RNR-DN-STR,11
CLI,DN,CLI-DN,Distant,DS,14.57105,75.7219283,CLI-DN-DS,11
CLI,DN,CLI-DN,Home,HS,14.56457,75.72991,CLI-DN-HS,11
CLI,DN,CLI-DN,Starter,STR,14.55767,75.7427217,CLI-DN-STR,11
KMPS,DN,KMPS-DN,Distant,DS,14.53186,75.7727967,KMPS-DN-DS,11
KMPS,DN,KMPS-DN,Home,HS,14.52679,75.7808317,KMPS-DN-HS,11
HRR,DN,HRR-DN,Distant,DS,14.52065,75.7944883,HRR-DN-DS,11
HRR,DN,HRR-DN,Home,HS,14.51933,75.8042283,HRR-DN-HS,11
HRR,DN,HRR-DN,Starter,STR,14.51263,75.8165317,HRR-DN-STR,11
AVC,DN,AVC-DN,Home,HS,14.50143,75.841065,AVC-DN-HS,11
AVC,DN,AVC-DN,Starter,STR,14.49818,75.8546583,AVC-DN-STR,11
DVG,DN,DVG-DN,Distant,DS,14.47485,75.9031733,DVG-DN-DS,11
DVG,DN,DVG-DN,Home,HS,14.47041,75.9122433,DVG-DN-HS,11
DVG,DN,DVG-DN,Starter,STR,14.46757,75.923,DVG-DN-STR,11
THN,DN,THN-DN,Home,HS,14.40536,75.9619983,THN-DN-HS,11
THN,DN,THN-DN,Starter,STR,14.39469,75.967335,THN-DN-STR,11
KAG,DN,KAG-DN,Distant,DS,14.33912,76.0226583,KAG-DN-DS,11
KAG,DN,KAG-DN,Home,HS,14.33312,76.0300433,KAG-DN-HS,11
KAG,DN,KAG-DN,Starter,STR,14.32651,76.038175,KAG-DN-STR,11
MYK,DN,MYK-DN,Home,HS,14.2844,76.0808217,MYK-DN-HS,11
MYK,DN,MYK-DN,Starter,STR,14.27555,76.0881933,MYK-DN-STR,11
SLU,DN,SLU-DN,Home,HS,14.22141,76.1109867,SLU-DN-HS,11
SLU,DN,SLU-DN,Starter,STR,14.20663,76.116045,SLU-DN-STR,11
SLU,DN,SLU-DN,GS cum Distant,GSDS,14.20177,76.1173983,SLU-DN-GSDS,11
JRU,DN,JRU-DN,Distant,DS,14.14276,76.1342183,JRU-DN-DS,11
JRU,DN,JRU-DN,Home,HS,14.13359,76.13687,JRU-DN-HS,11
JRU,DN,JRU-DN,Starter,STR,14.12008,76.1407617,JRU-DN-STR,11
HLK,DN,HLK-DN,Distant,DS,14.05805,76.1336067,HLK-DN-DS,11
HLK,DN,HLK-DN,Home,HS,14.04852,76.1320333,HLK-DN-HS,11
HLK,DN,HLK-DN,Starter,STR,14.0373,76.1302733,HLK-DN-STR,11
RGI,DN,RGI-DN,Distant,DS,13.9643,76.1214867,RGI-DN-DS,11
RGI,DN,RGI-DN,Home,HS,13.95532,76.12395,RGI-DN-HS,11
RGI,DN,RGI-DN,Starter,STR,13.94399,76.1268683,RGI-DN-STR,11
HSD,DN,HSD-DN,Distant,DS,13.87864,76.13918,HSD-DN-DS,11
HSD,DN,HSD-DN,Home,HS,13.8694,76.1378183,HSD-DN-HS,11
HSD,DN,HSD-DN,Starter,STR,13.86089,76.1316817,HSD-DN-STR,11
SHV,DN,SHV-DN,Home,HS,13.81708,76.0640967,SHV-DN-HS,11
SHV,DN,SHV-DN,Starter,STR,13.80732,76.055735,SHV-DN-STR,11
AJP,DN,AJP-DN,Distant,DS,13.75026,76.0129183,AJP-DN-DS,11
AJP,DN,AJP-DN,Home,HS,13.74074,76.01153,AJP-DN-HS,11
AJP,DN,AJP-DN,Starter,STR,13.7293,76.0104217,AJP-DN-STR,11
NVF,DN,NVF-DN,Distant,DS,13.67642,76.0049267,NVF-DN-DS,11
NVF,DN,NVF-DN,Home,HS,13.66954,75.998365,NVF-DN-HS,11
NVF,DN,NVF-DN,Starter,STR,13.66275,75.9896783,NVF-DN-STR,11
RRB,DN,RRB-DN,Distant,DS,13.60739,75.9621967,RRB-DN-DS,11
RRB,DN,RRB-DN,Home,HS,13.59982,75.96788,RRB-DN-HS,11
RRB,DN,RRB-DN,Starter,STR,13.59029,75.9747583,RRB-DN-STR,11
DRU,DN,DRU-DN,Distant,DS,13.56508,76.001215,DRU-DN-DS,11
DRU,DN,DRU-DN,Home,HS,13.55764,76.00852,DRU-DN-HS,11
DRU,DN,DRU-DN,Starter,STR,13.54577,76.00826,DRU-DN-STR,11
BLKR,DN,BLKR-DN,Distant,DS,13.5154,76.01391,BLKR-DN-DS,11
BLKR,DN,BLKR-DN,Home,HS,13.50761,76.0195783,BLKR-DN-HS,11
BLKR,DN,BLKR-DN,Starter,STR,13.49739,76.0270217,BLKR-DN-STR,11
VNR,DN,VNR-DN,Distant,DS,13.44576,76.0784767,VNR-DN-DS,11
VNR,DN,VNR-DN,Home,HS,13.44003,76.0867317,VNR-DN-HS,11
VNR,DN,VNR-DN,Starter,STR,13.43308,76.0968417,VNR-DN-STR,11
BVR,DN,BVR-DN,Distant,DS,13.40866,76.128465,BVR-DN-DS,11
BVR,DN,BVR-DN,Home,HS,13.40105,76.1363717,BVR-DN-HS,11
BVR,DN,BVR-DN,Starter,STR,13.39266,76.1434567,BVR-DN-STR,11
IB,DN,IB-DN,IB Distant,IBD,13.36934,76.180145,BVR-DN-IBD,11
IB,DN,IB-DN,IBS,IBS,13.36457,76.1883217,BVR-DN-IBS,11
ASK,DN,ASK-DN,Distant,DS,13.32859,76.2343483,ASK-DN-DS,11
ASK,DN,ASK-DN,Home,HS,13.32215,76.2424417,ASK-DN-HS,11
ASK,DN,ASK-DN,Starter,STR,13.31358,76.2532417,ASK-DN-STR,11
ASK,UP,ASK-UP,Starter,STR,13.3179,76.24745,ASK-UP-STR,37
IB,UP,IB-UP,IB Distant,IBD,13.35067,76.197,ASK-UP-IBD,37
IB,UP,IB-UP,IBS,IBS,13.35833,76.1923333,ASK-UP-IBS,37
BVR,UP,BVR-UP,Distant,DS,13.38126,76.1578333,BVR-UP-DS,37
BVR,UP,BVR-UP,Home,HS,13.38938,76.1475,BVR-UP-HS,37
BVR,UP,BVR-UP,Starter,STR,13.39746,76.13929,BVR-UP-STR,37
VNR,UP,VNR-UP,Distant,DS,13.42396,76.108745,VNR-UP-DS,37
VNR,UP,VNR-UP,Home,HS,13.43031,76.10075,VNR-UP-HS,37
VNR,UP,VNR-UP,Starter,STR,13.43628,76.0920417,VNR-UP-STR,37
BLKR,UP,BLKR-UP,Distant,DS,13.4846,76.0362467,BLKR-UP-DS,37
BLKR,UP,BLKR-UP,Home,HS,13.49227,76.0306717,BLKR-UP-HS,37
BLKR,UP,BLKR-UP,Starter,STR,13.50271,76.0230467,BLKR-UP-STR,37
DRU,UP,DRU-UP,Home,HS,13.54026,76.0077583,DRU-UP-HS,37
DRU,UP,DRU-UP,Starter,STR,13.55213,76.0085333,DRU-UP-STR,37
RRB,UP,RRB-UP,Distant,DS,13.57795,75.98428,RRB-UP-DS,37
RRB,UP,RRB-UP,Home,HS,13.58545,75.9786033,RRB-UP-HS,37
RRB,UP,RRB-UP,Starter,STR,13.59456,75.97161,RRB-UP-STR,37
NVF,UP,NVF-UP,Distant,DS,13.6541,75.9782517,NVF-UP-DS,37
NVF,UP,NVF-UP,Home,HS,13.66009,75.9860167,NVF-UP-HS,37
NVF,UP,NVF-UP,Starter,STR,13.66622,75.9939433,NVF-UP-STR,37
AJP,UP,AJP-UP,Distant,DS,13.71423,76.0087783,AJP-UP-DS,37
AJP,UP,AJP-UP,Home,HS,13.72343,76.0096967,AJP-UP-HS,37
AJP,UP,AJP-UP,Starter,STR,13.73558,76.0108433,AJP-UP-STR,37
SHV,UP,SHV-UP,Distant,DS,13.79575,76.0468533,SHV-UP-DS,37
SHV,UP,SHV-UP,Home,HS,13.80332,76.0525533,SHV-UP-HS,37
SHV,UP,SHV-UP,Starter,STR,13.81188,76.059005,SHV-UP-STR,37
HSD,UP,HSD-UP,Distant,DS,13.85219,76.1204583,HSD-UP-DS,37
HSD,UP,HSD-UP,Home,HS,13.85731,76.128505,HSD-UP-HS,37
HSD,UP,HSD-UP,Starter,STR,13.86584,76.13511,HSD-UP-STR,37
RGI,UP,RGI-UP,Distant,DS,13.9293,76.1300583,RGI-UP-DS,37
RGI,UP,RGI-UP,Home,HS,13.93892,76.1278617,RGI-UP-HS,37
RGI,UP,RGI-UP,Starter,STR,13.95064,76.1251183,RGI-UP-STR,37
HLK,UP,HLK-UP,Distant,DS,14.02148,76.1275233,HLK-UP-DS,37
HLK,UP,HLK-UP,Home,HS,14.03083,76.12903,HLK-UP-HS,37
HLK,UP,HLK-UP,Starter,STR,14.04338,76.1310833,HLK-UP-STR,37
JRU,UP,JRU-UP,Distant,DS,14.10398,76.1408583,JRU-UP-DS,37
JRU,UP,JRU-UP,Home,HS,14.11379,76.1422383,JRU-UP-HS,37
JRU,UP,JRU-UP,Starter,STR,14.12645,76.138655,JRU-UP-STR,37
SLU,UP,SLU-UP,Home,HS,14.19943,76.1179583,SLU-UP-HS,37
SLU,UP,SLU-UP,Starter,STR,14.2142,76.1137517,SLU-UP-STR,37
SLU,UP,SLU-UP,GS cum Distant,GSDS,14.22048,76.11127,SLU-UP-GSDS,37
SLU,UP,SLU-UP,IBS,IBS,14.2267,76.10865,SLU-UP-IBS,37
MYK,UP,MYK-UP,Distant,DS,14.26187,76.0938083,MYK-UP-DS,37
MYK,UP,MYK-UP,Home,HS,14.27011,76.0903383,MYK-UP-HS,37
MYK,UP,MYK-UP,Starter,STR,14.28065,76.0843533,MYK-UP-STR,37
MYK,UP,MYK-UP,GS cum Distant,GSDS,14.28346,76.08163,MYK-UP-GSDS,37
KAG,UP,KAG-UP,Distant,DS,14.31493,76.0502067,KAG-UP-DS,37
KAG,UP,KAG-UP,Home,HS,14.32171,76.0434233,KAG-UP-HS,37
KAG,UP,KAG-UP,Starter,STR,14.32976,76.03387,KAG-UP-STR,37
THN,UP,THN-UP,Distant,DS,14.38158,75.97382,THN-UP-DS,37
THN,UP,THN-UP,Home,HS,14.38994,75.9696267,THN-UP-HS,37
THN,UP,THN-UP,Starter,STR,14.40079,75.9641,THN-UP-STR,37
THN,UP,THN-UP,GS cum Distant,GSDS,14.40456,75.9622917,THN-UP-GSDS,37
DVG,UP,DVG-UP,Distant,DS,14.45832,75.9352767,DVG-UP-DS,37
DVG,UP,DVG-UP,Home,HS,14.46614,75.9280267,DVG-UP-HS,37
DVG,UP,DVG-UP,Starter,STR,14.46879,75.916935,DVG-UP-STR,37
AVC,UP,AVC-UP,Distant,DS,14.49046,75.871335,AVC-UP-DS,37
AVC,UP,AVC-UP,Home,HS,14.49481,75.86248,AVC-UP-HS,37
AVC,UP,AVC-UP,Starter,STR,14.49953,75.8485033,AVC-UP-STR,37
AVC,UP,AVC-UP,GS cum Distant,GSDS,14.50099,75.8425783,AVC-UP-GSDS,37
HRR,UP,HRR-UP,Distant,DS,14.50365,75.8329083,HRR-UP-DS,37
HRR,UP,HRR-UP,Home,HS,14.50871,75.8237017,HRR-UP-HS,37
HRR,UP,HRR-UP,Starter,STR,14.51581,75.81056,HRR-UP-STR,37
KMPS,UP,KMPS-UP,Distant,DS,14.52038,75.8000633,KMPS-UP-DS,37
KMPS,UP,KMPS-UP,Home,HS,14.52257,75.7874133,KMPS-UP-HS,37
CLI,UP,CLI-UP,Distant,DS,14.54928,75.7547617,CLI-UP-DS,37
CLI,UP,CLI-UP,Home,HS,14.55598,75.7457383,CLI-UP-HS,37
CLI,UP,CLI-UP,Starter,STR,14.56169,75.7350667,CLI-UP-STR,37
RNR,UP,RNR-UP,Home,HS,14.61907,75.6451533,RNR-UP-HS,37
RNR,UP,RNR-UP,Starter,STR,14.62663,75.63491,RNR-UP-STR,37
DAD,UP,DAD-UP,Distant,DS,14.66067,75.5949883,DAD-UP-DS,37
DAD,UP,DAD-UP,Home,HS,14.66597,75.5868267,DAD-UP-HS,37
DAD,UP,DAD-UP,Starter,STR,14.6678,75.5747067,DAD-UP-STR,37
BYD,UP,BYD-UP,Distant,DS,14.6876,75.5113683,BYD-UP-DS,37
BYD,UP,BYD-UP,Home,HS,14.69484,75.4979467,BYD-UP-HS,37
BYD,UP,BYD-UP,Starter,STR,14.70006,75.48855,BYD-UP-STR,37
HVR,UP,HVR-UP,Distant,DS,14.77829,75.423295,HVR-UP-DS,37
HVR,UP,HVR-UP,Home,HS,14.78612,75.4171067,HVR-UP-HS,37
HVR,UP,HVR-UP,Starter,STR,14.79997,75.407825,HVR-UP-STR,37
KJG,UP,KJG-UP,Distant,DS,14.83318,75.3992967,KJG-UP-DS,37
KJG,UP,KJG-UP,Home,HS,14.84244,75.4037017,KJG-UP-HS,37
KJG,UP,KJG-UP,Starter,STR,14.85292,75.40864,KJG-UP-STR,37
SVNR,UP,SVNR-UP,Distant,DS,14.94669,75.4046833,SVNR-UP-DS,37
SVNR,UP,SVNR-UP,Home,HS,14.95667,75.405655,SVNR-UP-HS,37
SVNR,UP,SVNR-UP,Starter,STR,14.96757,75.4083933,SVNR-UP-STR,37
YLG,UP,YLG-UP,Distant,DS,15.01353,75.41404,YLG-UP-DS,37
YLG,UP,YLG-UP,Home,HS,15.02341,75.4126617,YLG-UP-HS,37
YLG,UP,YLG-UP,Starter,STR,15.03679,75.4107767,YLG-UP-STR,37
GDI,UP,GDI-UP,Distant,DS,15.10797,75.3696333,GDI-UP-DS,37
GDI,UP,GDI-UP,Home,HS,15.11521,75.3639083,GDI-UP-HS,37
GDI,UP,GDI-UP,Starter,STR,15.12703,75.358275,GDI-UP-STR,37
SNH,UP,SNH-UP,Distant,DS,15.19178,75.3151083,SNH-UP-DS,37
SNH,UP,SNH-UP,Home,HS,15.19736,75.3072133,SNH-UP-HS,37
SNH,UP,SNH-UP,Starter,STR,15.20683,75.29694,SNH-UP-STR,37
KNO,UP,KNO-UP,Distant,DS,15.24332,75.2645433,KNO-UP-DS,37
KNO,UP,KNO-UP,Home,HS,15.2515,75.2568817,KNO-UP-HS,37
KNO,UP,KNO-UP,Starter,STR,15.25986,75.2492367,KNO-UP-STR,37
SUBL,UP,SUBL-UP,Distant,DS,15.31678,75.1840333,SUBL-UP-DS,37
SUBL,UP,SUBL-UP,Home,HS,15.3253,75.1797383,SUBL-UP-HS,37
SUBL,UP,SUBL-UP,Starter,STR,15.33622,75.17421,SUBL-UP-STR,37
SUBL,UP,SUBL-UP,LSS cum Distant,LSSDS,15.34094,75.1718267,SUBL-UP-LSSDS,37
UBL(B),UP,UBL(B)-UP,Home,HS,15.34503,75.169135,UBL(B)-UP-HS,37
BDGU,DN,BDGU-DN,Distant,DS,15.38381,76.2842483,BDGU-DN-DS,24
BDGU,DN,BDGU-DN,Home,HS,15.39006,76.2910933,BDGU-DN-HS,24
BDGU,DN,BDGU-DN,Starter,STR,15.39762,76.2995167,BDGU-DN-STR,24
JBGD,DN,JBGD-DN,Distant,DS,15.42802,76.3493533,JBGD-DN-DS,24
JBGD,DN,JBGD-DN,Home,HS,15.42727,76.3602533,JBGD-DN-HS,24
JBGD,DN,JBGD-DN,Starter,STR,15.4236,76.37053,JBGD-DN-STR,24
CKBK,DN,CKBK-DN,Distant,DS,15.42939,76.4235117,CKBK-DN-DS,24
CKBK,DN,CKBK-DN,Home,HS,15.42884,76.43324,CKBK-DN-HS,24
CKBK,DN,CKBK-DN,Starter,STR,15.42811,76.4464217,CKBK-DN-STR,24
GGVT,DN,GGVT-DN,Distant,DS,15.4484,76.5306633,GGVT-DN-DS,24
GGVT,DN,GGVT-DN,Home,HS,15.4453,76.5399533,GGVT-DN-HS,24
GGVT,DN,GGVT-DN,Starter,STR,15.44113,76.5524167,GGVT-DN-STR,24
SIDG,DN,SIDG-DN,Distant,DS,15.50792,76.6287367,SIDG-DN-DS,24
SIDG,DN,SIDG-DN,Home,HS,15.51558,76.6346167,SIDG-DN-HS,24
SIDG,DN,SIDG-DN,Starter,STR,15.52494,76.6417217,SIDG-DN-STR,24
KTGG,DN,KTGG-DN,Distant,DS,15.60112,76.671215,KTGG-DN-DS,24
KTGG,DN,KTGG-DN,Home,HS,15.61011,76.67447,KTGG-DN-HS,24
KTGG,DN,KTGG-DN,Starter,STR,15.62202,76.6787017,KTGG-DN-STR,24
GEBL,DN,GEBL-DN,Distant,DS,15.67171,76.7314333,GEBL-DN-DS,24
GEBL,DN,GEBL-DN,Home,HS,15.67972,76.7371883,GEBL-DN-HS,24
GEBL,DN,GEBL-DN,Starter,STR,15.68891,76.74381,GEBL-DN-STR,24
SNNR,DN,SNNR-DN,Distant,DS,15.73881,76.7620433,SNNR-DN-DS,24
SNNR,DN,SNNR-DN,Home,HS,15.74842,76.7655583,SNNR-DN-HS,24
SNNR,UP,SNNR-UP,Starter,STR,15.75463,76.7677283,SNNR-UP-STR,50
GEBL,UP,GEBL-UP,Distant,DS,15.70169,76.7529033,GEBL-UP-DS,50
GEBL,UP,GEBL-UP,Home,HS,15.69375,76.7472317,GEBL-UP-HS,50
GEBL,UP,GEBL-UP,Starter,STR,15.68369,76.7399567,GEBL-UP-STR,50
KTGG,UP,KTGG-UP,Distant,DS,15.63684,76.6849033,KTGG-UP-DS,50
KTGG,UP,KTGG-UP,Home,HS,15.62812,76.68099,KTGG-UP-HS,50
KTGG,UP,KTGG-UP,Starter,STR,15.61742,76.6770567,KTGG-UP-STR,50
SIDG,UP,SIDG-UP,Distant,DS,15.5382,76.6484767,SIDG-UP-DS,50
SIDG,UP,SIDG-UP,Home,HS,15.52999,76.64539,SIDG-UP-HS,50
SIDG,UP,SIDG-UP,Starter,STR,15.51984,76.6378283,SIDG-UP-STR,50
GGVT,UP,GGVT-UP,Distant,DS,15.43573,76.568305,GGVT-UP-DS,50
GGVT,UP,GGVT-UP,Home,HS,15.43875,76.5594033,GGVT-UP-HS,50
GGVT,UP,GGVT-UP,Starter,STR,15.443,76.5470067,GGVT-UP-STR,50
CKBK,UP,CKBK-UP,Distant,DS,15.4287,76.4624467,CKBK-UP-DS,50
CKBK,UP,CKBK-UP,Home,HS,15.4278,76.4525317,CKBK-UP-HS,50
CKBK,UP,CKBK-UP,Starter,STR,15.42849,76.44042,CKBK-UP-STR,50
JBGD,UP,JBGD-UP,Distant,DS,15.42147,76.3865117,JBGD-UP-DS,50
JBGD,UP,JBGD-UP,Home,HS,15.42139,76.3769217,JBGD-UP-HS,50
JBGD,UP,JBGD-UP,Starter,STR,15.42539,76.36574,JBGD-UP-STR,50
BDGU,UP,BDGU-UP,Distant,DS,15.40814,76.3113067,BDGU-UP-DS,50
BDGU,UP,BDGU-UP,Home,HS,15.4019,76.3043667,BDGU-UP-HS,50
BDGU,UP,BDGU-UP,Starter,STR,15.39393,76.29545,BDGU-UP-STR,50
GIN,UP,GIN-UP,Distant,DS,15.3463,76.2654383,GIN-UP-DS,50
GIN,UP,GIN-UP,Home,HS,15.34782,76.2562433,GIN-UP-HS,50
KANR,DN,KANR-DN,Distant,DS,15.46828,75.99852,KANR-DN-DS,23
KANR,DN,KANR-DN,Home,HS,15.47701,75.9946183,KANR-DN-HS,23
KANR,DN,KANR-DN,Starter,STR,15.48748,75.987025,KANR-DN-STR,23
SGNL,DN,SGNL-DN,Distant,DS,15.54708,75.9765283,SGNL-DN-DS,23
SGNL,DN,SGNL-DN,Home,HS,15.5552,75.9787167,SGNL-DN-HS,23
SGNL,DN,SGNL-DN,Starter,STR,15.56619,75.98176,SGNL-DN-STR,23
YLBA,DN,YLBA-DN,Distant,DS,15.59556,76.0116483,YLBA-DN-DS,23
YLBA,DN,YLBA-DN,Home,HS,15.5988,76.020145,YLBA-DN-HS,23
YLBA,DN,YLBA-DN,Starter,STR,15.60947,76.0275117,YLBA-DN-STR,23
HAPR,DN,HAPR-DN,Distant,DS,15.62786,76.0513133,HAPR-DN-DS,23
HAPR,DN,HAPR-DN,Home,HS,15.63222,76.0594133,HAPR-DN-HS,23
HAPR,DN,HAPR-DN,Starter,STR,15.63775,76.0695867,HAPR-DN-STR,23
LNBI,DN,LNBI-DN,Distant,DS,15.66197,76.1394067,LNBI-DN-DS,23
LNBI,DN,LNBI-DN,Home,HS,15.67058,76.144035,LNBI-DN-HS,23
LNBI,DN,LNBI-DN,Starter,STR,15.68086,76.149325,LNBI-DN-STR,23
KHTI,DN,KHTI-DN,Distant,DS,15.7351,76.1897883,KHTI-DN-DS,23
KHTI,UP,KHTI-UP,Starter,STR,15.74398,76.2025183,KHTI-UP-STR,49
LNBI,UP,LNBI-UP,Distant,DS,15.69385,76.1560317,LNBI-UP-DS,49
LNBI,UP,LNBI-UP,Home,HS,15.68578,76.1518233,LNBI-UP-HS,49
LNBI,UP,LNBI-UP,Starter,STR,15.67494,76.146125,LNBI-UP-STR,49
HAPR,UP,HAPR-UP,Distant,DS,15.64538,76.0835283,HAPR-UP-DS,49
HAPR,UP,HAPR-UP,Home,HS,15.64075,76.074995,HAPR-UP-HS,49
HAPR,UP,HAPR-UP,Starter,STR,15.60737,76.1054,HAPR-UP-STR,49
YLBA,UP,YLBA-UP,Distant,DS,15.62055,76.03956,YLBA-UP-DS,49
YLBA,UP,YLBA-UP,Home,HS,15.61542,76.0319083,YLBA-UP-HS,49
YLBA,UP,YLBA-UP,Starter,STR,15.60428,76.0238467,YLBA-UP-STR,49
SGNL,UP,SGNL-UP,Distant,DS,15.57998,75.9853617,SGNL-UP-DS,49
SGNL,UP,SGNL-UP,Home,HS,15.57124,75.9830117,SGNL-UP-HS,49
SGNL,UP,SGNL-UP,Starter,STR,15.55964,75.9799467,SGNL-UP-STR,49
KANR,UP,KANR-UP,Distant,DS,15.50038,75.9775183,KANR-UP-DS,49
KANR,UP,KANR-UP,Home,HS,15.49263,75.9831883,KANR-UP-HS,49
KANR,UP,KANR-UP,Starter,STR,15.48234,75.99081,KANR-UP-STR,49
TLKL,UP,TLKL-UP,Distant,DS,15.40433,76.0051167,TLKL-UP-DS,49
TLKL,UP,TLKL-UP,Home,HS,15.3975,75.9995517,TLKL-UP-HS,49
HPT,UP,HPT-UP,Starter,STR,15.28793,76.38426,HPT-UP-STR,16
HPT(B),UP,HPT(B)-UP,GS cum Distant,GSDS,15.28481,76.3775217,HPT(B)-UP-GSDS,16
VYS,UP,VYS-UP,Distant,DS,15.24822,76.3595767,VYS-UP-DS,16
VYS,UP,VYS-UP,Home,HS,15.23972,76.360115,VYS-UP-HS,16
VYS,UP,VYS-UP,Starter,STR,15.2289,76.3660917,VYS-UP-STR,16
VC,UP,VC-UP,Distant,DS,15.20031,76.3830367,VC-UP-DS,16
VC,UP,VC-UP,Home,HS,15.19139,76.381675,VC-UP-HS,16
VC,UP,VC-UP,Starter,STR,15.18103,76.38434,VC-UP-STR,16
HBI,UP,HBI-UP,Distant,DS,15.06227,76.21521,HBI-UP-DS,17
HBI,UP,HBI-UP,Home,HS,15.05552,76.2085317,HBI-UP-HS,17
HBI,UP,HBI-UP,Starter,STR,15.045,76.20995,HBI-UP-STR,17
KTY,UP,KTY-UP,Distant,DS,14.84145,76.221395,KTY-UP-DS,17
KTY,UP,KTY-UP,Home,HS,14.83264,76.2187967,KTY-UP-HS,17
KTY,UP,KTY-UP,Starter,STR,14.82367,76.2103333,KTY-UP-STR,17
BEHI,UP,BEHI-UP,Distant,DS,14.79689,76.13401,BEHI-UP-DS,17
BEHI,UP,BEHI-UP,Home,HS,14.79192,76.1263267,BEHI-UP-HS,17
BEHI,UP,BEHI-UP,Starter,STR,14.78638,76.1156917,BEHI-UP-STR,17
HPHI,UP,HPHI-UP,Distant,DS,14.7737,76.00301,HPHI-UP-DS,17
HPHI,UP,HPHI-UP,Home,HS,14.77275,75.99296,HPHI-UP-HS,17
HPHI,UP,HPHI-UP,Starter,STR,14.77432,75.9791617,HPHI-UP-STR,17
TLGI,UP,TLGI-UP,Distant,DS,14.67759,75.9028717,TLGI-UP-DS,17
TLGI,UP,TLGI-UP,Home,HS,14.66764,75.8989783,TLGI-UP-HS,17
TLGI,UP,TLGI-UP,Starter,STR,14.65638,75.8976067,TLGI-UP-STR,17
AVC,UP,AVC-UP,Distant,DS,14.51582,75.8401667,AVC-UP-DS,17
AVC,UP,AVC-UP,Home,HS,14.50313,75.8424483,AVC-UP-HS,17
AVC,DN,AVC-DN,Starter,STR,14.49978,75.8480967,AVC-DN-STR,43
TLGI,DN,TLGI-DN,Distant,DS,14.64099,75.8930767,TLGI-DN-DS,43
TLGI,DN,TLGI-DN,Home,HS,14.64963,75.8958133,TLGI-DN-HS,43
TLGI,DN,TLGI-DN,Starter,STR,14.66212,75.8982933,TLGI-DN-STR,43
HPHI,DN,HPHI-DN,Distant,DS,14.77404,75.9630583,HPHI-DN-DS,43
HPHI,DN,HPHI-DN,Home,HS,14.7749,75.97355,HPHI-DN-HS,43
HPHI,DN,HPHI-DN,Starter,STR,14.77328,75.9874617,HPHI-DN-STR,43
BEHI,DN,BEHI-DN,Distant,DS,14.78277,76.1008967,BEHI-DN-DS,43
BEHI,DN,BEHI-DN,Home,HS,14.78493,76.1102733,BEHI-DN-HS,43
BEHI,DN,BEHI-DN,Starter,STR,14.78874,76.121505,BEHI-DN-STR,43
KTY,DN,KTY-DN,Distant,DS,14.81554,76.198425,KTY-DN-DS,43
KTY,DN,KTY-DN,Home,HS,14.81979,76.2064867,KTY-DN-HS,43
KTY,DN,KTY-DN,Starter,STR,14.82803,76.21463,KTY-DN-STR,43
HBI,DN,HBI-DN,Distant,DS,15.03195,76.2142833,HBI-DN-DS,43
HBI,DN,HBI-DN,Home,HS,15.04031,76.2105817,HBI-DN-HS,43
HBI,DN,HBI-DN,Starter,STR,15.05102,76.2088133,HBI-DN-STR,43
VC,DN,VC-DN,Distant,DS,15.16706,76.3864867,VC-DN-DS,43
VC,DN,VC-DN,Home,HS,15.17506,76.3868733,VC-DN-HS,43
VC,DN,VC-DN,Starter,STR,15.18797,76.382935,VC-DN-STR,43
VYS,DN,VYS-DN,Distant,DS,15.21714,76.3727283,VYS-DN-DS,42
VYS,DN,VYS-DN,Home,HS,15.22461,76.369055,VYS-DN-HS,42
VYS,DN,VYS-DN,Starter,STR,15.235,76.3633517,VYS-DN-STR,42
HPT,DN,HPT-DN,Distant,DS,15.2727,76.36991,HPT-DN-DS,42
HPT,UP,HPT-UP,Home,HS,15.28185,76.3769617,HPT-UP-HS,42
HPT,UP,HPT-UP,Starter,STR,15.28679,76.3867917,HPT-UP-STR,42
BMAP,UP,BMAP-UP,Starter,STR,15.3653,75.1781,BMAP-UP-STR,58
BDKA,UP,BDKA-UP,Distant,DS,15.38753333,75.12138333,BDKA-UP-DS,58
BDKA,UP,BDKA-UP,Home,HS,15.39293333,75.1138,BDKA-UP-HS,58
BDKA,UP,BDKA-UP,Starter,STR,15.40411667,75.10525,BDKA-UP-STR,58
BDKA,DN,BDKA-DN,Starter,STR,15.399,75.1092,BDKA-DN-STR,59
BMAP,DN,BMAP-DN,Distant,DS,15.37603333,75.16955,BMAP-DN-DS,59
BMAP,DN,BMAP-DN,Home,HS,15.36775,75.176,BMAP-DN-HS,59
BAY,UP,BAY-UP,Starter,STR,15.13622,76.9175317,BAY-UP-STR,20
BAY(B),UP,BAY(B)-UP,GS cum Distant,GSDS,15.13356,76.9176517,BAY(B)-UP-GSDS,20
OBM,UP,OBM-UP,Distant,DS,15.04353,76.863955,OBM-UP-DS,20
OBM,UP,OBM-UP,Home,HS,15.0369,76.8577233,OBM-UP-HS,20
OBM,UP,OBM-UP,Starter,STR,15.02825,76.8489867,OBM-UP-STR,20
SLM,UP,SLM-UP,Home,HS,14.90895,76.8689533,SLM-UP-HS,20
SLM,UP,SLM-UP,Starter,STR,14.89878,76.8684283,SLM-UP-STR,20
BDV,UP,BDV-UP,Distant,DS,14.85096,76.8587717,BDV-UP-DS,20
BDV,UP,BDV-UP,Home,HS,14.84306,76.85459,BDV-UP-HS,20
BDV,UP,BDV-UP,Routing HS,RHS,14.83719,76.8534483,BDV-UP-RHS,20
BDV,UP,BDV-UP,Starter,STR,14.82851,76.8553817,BDV-UP-STR,20
RDG,UP,RDG-UP,Distant,DS,14.72356,76.8510883,RDG-UP-DS,20
RDG,UP,RDG-UP,Home,HS,14.71595,76.8555783,RDG-UP-HS,20
RDG,UP,RDG-UP,Starter,STR,14.70521,76.8570633,RDG-UP-STR,20
RDG,UP,RDG-UP,GS cum Distant,GSDS,14.70227,76.857415,RDG-UP-GSDS,21
MOMU,UP,MOMU-UP,Distant,DS,14.70761,76.764015,MOMU-UP-DS,21
MOMU,UP,MOMU-UP,Home,HS,14.70806,76.754595,MOMU-UP-HS,21
MOMU,UP,MOMU-UP,Starter,STR,14.71006,76.74348,MOMU-UP-STR,21
BOMN,UP,BOMN-UP,Distant,DS,14.60377,76.681935,BOMN-UP-DS,21
BOMN,UP,BOMN-UP,Home,HS,14.59533,76.6809983,BOMN-UP-HS,21
BOMN,UP,BOMN-UP,Starter,STR,14.58325,76.6797033,BOMN-UP-STR,21
THKU,UP,THKU-UP,Distant,DS,14.46077,76.6768383,THKU-UP-DS,21
THKU,UP,THKU-UP,Home,HS,14.45168,76.67584,THKU-UP-HS,21
THKU,UP,THKU-UP,Starter,STR,14.44124,76.6746717,THKU-UP-STR,21
CHKE,UP,CHKE-UP,Distant,DS,14.33017,76.6624683,CHKE-UP-DS,21
CHKE,UP,CHKE-UP,Home,HS,14.32076,76.6609817,CHKE-UP-HS,21
CHKE,UP,CHKE-UP,Starter,STR,14.3098,76.659185,CHKE-UP-STR,21
BAHI,UP,BAHI-UP,Distant,DS,14.25178,76.5691367,BAHI-UP-DS,21
BAHI,UP,BAHI-UP,Home,HS,14.24722,76.5602833,BAHI-UP-HS,21
BAHI,UP,BAHI-UP,Starter,STR,14.24216,76.55037,BAHI-UP-STR,21
CTA,UP,CTA-UP,Distant,DS,14.23625,76.39935,CTA-UP-DS,21
CTA,UP,CTA-UP,Home,HS,14.2316,76.39159,CTA-UP-HS,21
CTA,UP,CTA-UP,Starter,STR,14.23036,76.380575,CTA-UP-STR,21
CTA,UP,CTA-UP,GS cum Distant,GSDS,14.23014,76.3781833,CTA-UP-GSDS,21
HLV,UP,HLV-UP,Distant,DS,14.21728,76.3263467,HLV-UP-DS,21
HLV,UP,HLV-UP,Home,HS,14.21368,76.3173467,HLV-UP-HS,21
HLV,UP,HLV-UP,Starter,STR,14.20899,76.3058683,HLV-UP-STR,21
AMC,UP,AMC-UP,Home,HS,14.14065,76.2522133,AMC-UP-HS,21
AMC,UP,AMC-UP,Starter,STR,14.13903,76.2412967,AMC-UP-STR,21
AMC,UP,AMC-UP,LSS cum Distant,LSSDS,14.13871,76.23879,AMC-UP-LSSDS,21
JRU,UP,JRU-UP,Home,HS,14.13385,76.138795,JRU-UP-HS,21
JRU,DN,JRU-DN,GS cum Distant,GSDS,14.1318,76.1378183,JRU-DN-GSDS,47
BBNH,DN,BBNH-DN,Distant,DS,14.13571,76.2071667,BBNH-DN-DS,47
BBNH,DN,BBNH-DN,Home,HS,14.13618,76.2214317,BBNH-DN-HS,47
BBNH,DN,BBNH-DN,LSS cum Distant,LSSDS,14.13686,76.2261967,BBNH-DN-LSSDS,47
AMC,DN,AMC-DN,Home,HS,14.13835,76.2365267,AMC-DN-HS,47
AMC,DN,AMC-DN,Starter,STR,14.13987,76.2474067,AMC-DN-STR,47
AMC,DN,AMC-DN,GS cum Distant,GSDS,14.14028,76.2498417,AMC-DN-GSDS,47
HLV,DN,HLV-DN,Distant,DS,14.19991,76.2951533,HLV-DN-DS,47
HLV,DN,HLV-DN,Home,HS,14.20629,76.3026833,HLV-DN-HS,47
HLV,DN,HLV-DN,Starter,STR,14.21151,76.3118983,HLV-DN-STR,47
CTA,DN,CTA-DN,Home,HS,14.22984,76.3758333,CTA-DN-HS,47
CTA,DN,CTA-DN,Starter,STR,14.23099,76.38672,CTA-DN-STR,47
BAHI,DN,BAHI-DN,Distant,DS,14.23362,76.538625,BAHI-DN-DS,47
BAHI,DN,BAHI-DN,Home,HS,14.23997,76.5463,BAHI-DN-HS,47
BAHI,DN,BAHI-DN,Starter,STR,14.24501,76.5559767,BAHI-DN-STR,47
CHKE,DN,CHKE-DN,Distant,DS,14.29572,76.6541583,CHKE-DN-DS,47
CHKE,DN,CHKE-DN,Home,HS,14.30478,76.6584383,CHKE-DN-HS,47
CHKE,DN,CHKE-DN,Starter,STR,14.31582,76.6601983,CHKE-DN-STR,47
THKU,DN,THKU-DN,Distant,DS,14.42597,76.6719383,THKU-DN-DS,47
THKU,DN,THKU-DN,Home,HS,14.43622,76.6741367,THKU-DN-HS,47
THKU,DN,THKU-DN,Starter,STR,14.44717,76.6753767,THKU-DN-STR,47
BOMN,DN,BOMN-DN,Distant,DS,14.56918,76.67792,BOMN-DN-DS,47
BOMN,DN,BOMN-DN,Home,HS,14.57859,76.67917,BOMN-DN-HS,47
BOMN,DN,BOMN-DN,Starter,STR,14.58973,76.6804617,BOMN-DN-STR,47
MOMU,DN,MOMU-DN,Distant,DS,14.70851,76.7290733,MOMU-DN-DS,47
MOMU,DN,MOMU-DN,Home,HS,14.71087,76.7384383,MOMU-DN-HS,47
MOMU,DN,MOMU-DN,Starter,STR,14.70894,76.7495317,MOMU-DN-STR,47
RDG,DN,RDG-DN,Home,HS,14.70004,76.8589583,RDG-DN-HS,47
RDG,DN,RDG-DN,Starter,STR,14.71112,76.8568633,RDG-DN-STR,47
BDV,DN,BDV-DN,Distant,DS,14.81336,76.8550917,BDV-DN-DS,46
BDV,DN,BDV-DN,Home,HS,14.82352,76.855505,BDV-DN-HS,46
BDV,DN,BDV-DN,Starter,STR,14.83471,76.8541,BDV-DN-STR,46
SLM,DN,SLM-DN,Distant,DS,14.8834,76.8666117,SLM-DN-DS,46
SLM,DN,SLM-DN,Home,HS,14.89253,76.8681983,SLM-DN-HS,46
SLM,DN,SLM-DN,Starter,STR,14.9043,76.8687217,SLM-DN-STR,46
SLM,DN,SLM-DN,GS cum Distant,GSDS,14.9067,76.8688817,SLM-DN-GSDS,46
OBM,DN,OBM-DN,Distant,DS,15.01688,76.8479317,OBM-DN-DS,46
OBM,DN,OBM-DN,Home,HS,15.02484,76.8459933,OBM-DN-HS,46
OBM,DN,OBM-DN,Starter,STR,15.03249,76.85347,OBM-DN-STR,46
BAYB,DN,BAYB-DN,Home,HS,15.131,76.91778,BAYB-DN-HS,46
BAY(B),DN,BAY(B)-DN,Home,HS,15.13889,76.91742,BAY(B)-DN-HS,46
HG(B),UP,HG(B)-UP,Starter,STR,17.56297,75.9923,HG(B)-UP-STR,15
HG(B),UP,HG(B)-UP,Inter Starter,ISTR,17.5592,75.997545,HG(B)-UP-ISTR,15
TLT,UP,TLT-UP,Distant,DS,17.54611,76.014315,TLT-UP-DS,15
TLT,UP,TLT-UP,Inner Distant,IDS,17.54028,76.021775,TLT-UP-IDS,15
TLT,UP,TLT-UP,Home,HS,17.53449,76.029175,TLT-UP-HS,15
TLT,UP,TLT-UP,Starter,STR,17.52667,76.039135,TLT-UP-STR,15
AKOR,UP,AKOR-UP,Distant,DS,17.46831,76.1137917,AKOR-UP-DS,15
AKOR,UP,AKOR-UP,Inner Distant,IDS,17.46237,76.121395,AKOR-UP-IDS,15
AKOR,UP,AKOR-UP,Home,HS,17.45652,76.128835,AKOR-UP-HS,15
AKOR,UP,AKOR-UP,Starter,STR,17.44964,76.14125,AKOR-UP-STR,15
NGS,UP,NGS-UP,Distant,DS,17.44282,76.1620317,NGS-UP-DS,15
NGS,UP,NGS-UP,Inner Distant,IDS,17.43842,76.170115,NGS-UP-IDS,15
NGS,UP,NGS-UP,Home,HS,17.43302,76.1776233,NGS-UP-HS,15
NGS,UP,NGS-UP,Starter,STR,17.42654,76.1867583,NGS-UP-STR,15
BOT,UP,BOT-UP,Distant,DS,17.40069,76.2300233,BOT-UP-DS,15
BOT,UP,BOT-UP,Inner Distant,IDS,17.39817,76.2402333,BOT-UP-IDS,15
BOT,UP,BOT-UP,Home,HS,17.39599,76.24986,BOT-UP-HS,15
BOT,UP,BOT-UP,Starter,STR,17.39371,76.2600267,BOT-UP-STR,15
DUD,UP,DUD-UP,Inner Distant,IDS,17.36674,76.3595133,DUD-UP-IDS,15
DUD,UP,DUD-UP,Home,HS,17.36481,76.3688433,DUD-UP-HS,15
DUD,UP,DUD-UP,Starter,STR,17.36219,76.3815217,DUD-UP-STR,15
KUI,UP,KUI-UP,Distant,DS,17.35832,76.4421,KUI-UP-DS,15
KUI,UP,KUI-UP,Inner Distant,IDS,17.35698,76.4516983,KUI-UP-IDS,15
KUI,UP,KUI-UP,Home,HS,17.35663,76.4611133,KUI-UP-HS,15
KUI,UP,KUI-UP,Starter,STR,17.35745,76.4728367,KUI-UP-STR,15
GDGN,UP,GDGN-UP,Distant,DS,17.33942,76.5063117,GDGN-UP-DS,15
GDGN,UP,GDGN-UP,Inner Distant,IDS,17.335,76.5149383,GDGN-UP-IDS,15
GDGN,UP,GDGN-UP,Home,HS,17.33533,76.5248433,GDGN-UP-HS,15
GDGN,UP,GDGN-UP,Starter,STR,17.33681,76.5348433,GDGN-UP-STR,15
GUR,UP,GUR-UP,Distant,DS,17.33903,76.5619683,GUR-UP-DS,15
GUR,UP,GUR-UP,Inner Distant,IDS,17.33962,76.5721117,GUR-UP-IDS,15
GUR,UP,GUR-UP,Home,HS,17.34018,76.58172,GUR-UP-HS,15
GUR,UP,GUR-UP,Starter,STR,17.34085,76.5925933,GUR-UP-STR,15
SVG,UP,SVG-UP,Distant,DS,17.33896,76.6847467,SVG-UP-DS,15
SVG,UP,SVG-UP,Inner Distant,IDS,17.33514,76.6947083,SVG-UP-IDS,15
SVG,UP,SVG-UP,Home,HS,17.33769,76.7050783,SVG-UP-HS,15
SVG,UP,SVG-UP,Starter,STR,17.34048,76.7154967,SVG-UP-STR,15
BBD,UP,BBD-UP,Distant,DS,17.34124,76.76218,BBD-UP-DS,15
BBD,UP,BBD-UP,Inner Distant,IDS,17.33817,76.771345,BBD-UP-IDS,15
BBD,UP,BBD-UP,Home,HS,17.33629,76.7808183,BBD-UP-HS,15
KLBG,UP,KLBG-UP,Inner Distant,IDS,17.32373,76.8047933,KLBG-UP-IDS,15
KLBG,UP,KLBG-UP,Home,HS,17.31931,76.813155,KLBG-UP-HS,15
KLBG,UP,KLBG-UP,Starter,STR,17.31462,76.829165,KLBG-UP-STR,15
HQR,UP,HQR-UP,Distant,DS,17.2818,76.8585183,HQR-UP-DS,15
HQR,UP,HQR-UP,Inner Distant,IDS,17.2736,76.8622917,HQR-UP-IDS,15
HQR,UP,HQR-UP,Home,HS,17.26541,76.866035,HQR-UP-HS,15
MR,UP,MR-UP,Distant,DS,17.22507,76.8954433,MR-UP-DS,15
MR,UP,MR-UP,Inner Distant,IDS,17.21573,76.89643,MR-UP-IDS,15
MR,UP,MR-UP,Home,HS,17.20666,76.8984333,MR-UP-HS,15
MR,UP,MR-UP,Starter,STR,17.19693,76.9041583,MR-UP-STR,15
SDB,UP,SDB-UP,Distant,DS,17.1508,76.9339867,SDB-UP-DS,15
SDB,UP,SDB-UP,Inner Distant,IDS,17.14224,76.9383517,SDB-UP-IDS,15
SDB,UP,SDB-UP,Home,HS,17.13445,76.9437017,SDB-UP-HS,15
SDB,UP,SDB-UP,Starter,STR,17.11942,76.9430667,SDB-UP-STR,15
WADI,UP,WADI-UP,Distant,DS,17.08116,76.9868317,WADI-UP-DS,15
WADI,UP,WADI-UP,Inner Distant,IDS,17.07399,76.99306,WADI-UP-IDS,15
WADI,UP,WADI-UP,Home,HS,17.06498,76.99383,WADI-UP-HS,15
WADI,UP,WADI-UP,Routing HS,RHS,17.06113,76.9932367,WADI-UP-RHS,15
WADI,UP,WADI-UP,Starter,STR,17.05059,76.991415,WADI-UP-STR,15
WADI,DN,WADI-DN,Starter,STR,17.05611,76.9923333,WADI-DN-STR,41
WADI,DN,WADI-DN,Inter Starter,ISTR,17.06002,76.9930583,WADI-DN-ISTR,41
SDB,DN,SDB-DN,Distant,DS,17.09948,76.958075,SDB-DN-DS,41
SDB,DN,SDB-DN,Inner Distant,IDS,17.10586,76.9483217,SDB-DN-IDS,41
SDB,DN,SDB-DN,Home,HS,17.11363,76.9434167,SDB-DN-HS,41
SDB,DN,SDB-DN,Starter,STR,17.1252,76.944,SDB-DN-STR,41
MR,DN,MR-DN,Distant,DS,17.17996,76.9265583,MR-DN-DS,41
MR,DN,MR-DN,Inner Distant,IDS,17.18691,76.9187217,MR-DN-IDS,41
MR,DN,MR-DN,Home,HS,17.19374,76.9073083,MR-DN-HS,41
MR,DN,MR-DN,Starter,STR,17.20254,76.9008617,MR-DN-STR,41
HQR,DN,HQR-DN,Distant,DS,17.23941,76.8928483,HQR-DN-DS,41
HQR,DN,HQR-DN,Inner Distant,IDS,17.24749,76.8843333,HQR-DN-IDS,41
HQR,DN,HQR-DN,Home,HS,17.25376,76.8774083,HQR-DN-HS,41
HQR,DN,HQR-DN,Starter,STR,17.25998,76.8706983,HQR-DN-STR,41
KLBG,DN,KLBG-DN,Distant,DS,17.29996,76.8509967,KLBG-DN-DS,41
KLBG,DN,KLBG-DN,Inner Distant,IDS,17.30722,76.843885,KLBG-DN-IDS,41
KLBG,DN,KLBG-DN,Home,HS,17.31378,76.8352983,KLBG-DN-HS,41
KLBG,DN,KLBG-DN,Starter,STR,17.31489,76.8226967,KLBG-DN-STR,41
BBD,DN,BBD-DN,Distant,DS,17.3289,76.79512,BBD-DN-DS,41
BBD,DN,BBD-DN,Inner Distant,IDS,17.3333,76.786685,BBD-DN-IDS,41
BBD,DN,BBD-DN,Home,HS,17.33734,76.7779733,BBD-DN-HS,41
SVG,DN,SVG-DN,Distant,DS,17.34406,76.7397733,SVG-DN-DS,41
SVG,DN,SVG-DN,Inner Distant,IDS,17.3438,76.7304733,SVG-DN-IDS,41
SVG,DN,SVG-DN,Home,HS,17.34165,76.720425,SVG-DN-HS,41
SVG,DN,SVG-DN,Starter,STR,17.33929,76.7101417,SVG-DN-STR,41
GUR,DN,GUR-DN,Distant,DS,17.34726,76.6174833,GUR-DN-DS,41
GUR,DN,GUR-DN,Inner Distant,IDS,17.3442,76.607455,GUR-DN-IDS,41
GUR,DN,GUR-DN,Home,HS,17.3414,76.5979267,GUR-DN-HS,41
GUR,DN,GUR-DN,Starter,STR,17.34045,76.586575,GUR-DN-STR,41
GDGN,DN,GDGN-DN,Distant,DS,17.33879,76.5572417,GDGN-DN-DS,41
GDGN,DN,GDGN-DN,Inner Distant,IDS,17.33821,76.54754,GDGN-DN-IDS,41
GDGN,DN,GDGN-DN,Home,HS,17.33731,76.5381917,GDGN-DN-HS,41
GDGN,DN,GDGN-DN,Starter,STR,17.3359,76.52852,GDGN-DN-STR,41
KUI,DN,KUI-DN,Distant,DS,17.3464,76.495965,KUI-DN-DS,41
KUI,DN,KUI-DN,Inner Distant,IDS,17.35193,76.4882917,KUI-DN-IDS,41
KUI,DN,KUI-DN,Home,HS,17.35639,76.4774567,KUI-DN-HS,41
KUI,DN,KUI-DN,Starter,STR,17.3571,76.466145,KUI-DN-STR,41
DUD,DN,DUD-DN,Distant,DS,17.35957,76.4061217,DUD-DN-DS,41
DUD,DN,DUD-DN,Inner Distant,IDS,17.36093,76.3964217,DUD-DN-IDS,41
DUD,DN,DUD-DN,Home,HS,17.36128,76.3862917,DUD-DN-HS,41
DUD,DN,DUD-DN,Starter,STR,17.36359,76.3743517,DUD-DN-STR,41
BOT,DN,BOT-DN,Distant,DS,17.38819,76.28427,BOT-DN-DS,41
BOT,DN,BOT-DN,Inner Distant,IDS,17.39033,76.274955,BOT-DN-IDS,41
BOT,DN,BOT-DN,Home,HS,17.39257,76.26526,BOT-DN-HS,41
BOT,DN,BOT-DN,Starter,STR,17.3951,76.2543033,BOT-DN-STR,41
NGS,DN,NGS-DN,Distant,DS,17.4144,76.207095,NGS-DN-DS,41
NGS,DN,NGS-DN,Inner Distant,IDS,17.42065,76.2003483,NGS-DN-IDS,41
NGS,DN,NGS-DN,Home,HS,17.42506,76.1900717,NGS-DN-HS,41
NGS,DN,NGS-DN,Starter,STR,17.43011,76.1817567,NGS-DN-STR,41
AKOR,DN,AKOR-DN,Distant,DS,17.44173,76.1651783,AKOR-DN-DS,41
AKOR,DN,AKOR-DN,Inner Distant,IDS,17.44494,76.1558967,AKOR-DN-IDS,41
AKOR,DN,AKOR-DN,Home,HS,17.44798,76.1466917,AKOR-DN-HS,41
AKOR,DN,AKOR-DN,Starter,STR,17.45264,76.1335517,AKOR-DN-STR,41
TLT,DN,TLT-DN,Distant,DS,17.51112,76.05909,TLT-DN-DS,41
TLT,DN,TLT-DN,Inner Distant,IDS,17.51678,76.05184,TLT-DN-IDS,41
TLT,DN,TLT-DN,Home,HS,17.52259,76.0443867,TLT-DN-HS,41
TLT,DN,TLT-DN,Starter,STR,17.53146,76.032985,TLT-DN-STR,41
HG(B),DN,HG(B)-DN,Distant,DS,17.54164,76.0199517,HG(B)-DN-DS,41
HG(B),DN,HG(B)-DN,Inner Distant,IDS,17.54747,76.0124883,HG(B)-DN-IDS,41
HG(B),DN,HG(B)-DN,Home,HS,17.55341,76.0048283,HG(B)-DN-HS,41
HG(B),DN,HG(B)-DN,Routing HS,RHS,17.55947,75.9972133,HG(B)-DN-RHS,41
HG,DN,HG-DN,Starter,STR,17.56691,75.98716,HG-DN-STR,41
TNGL,UP,TNGL-UP,Starter,STR,15.20302,76.6626617,TNGL-UP-STR,19
TNGL,UP,TNGL-UP,Inter Starter,ISTR,15.20021,76.6483883,TNGL-UP-ISTR,19
TNGL,UP,TNGL-UP,GS cum Distant,GSDS,15.19812,76.6462067,TNGL-UP-GSDS,19
BNHT,UP,BNHT-UP,Home,HS,15.15331,76.6197833,BNHT-UP-HS,19
BNHT,UP,BNHT-UP,Starter,STR,15.14143,76.6225983,BNHT-UP-STR,19
NDHI,UP,NDHI-UP,Distant,DS,15.11023,76.59392,NDHI-UP-DS,19
NDHI,UP,NDHI-UP,Home,HS,15.10629,76.585765,NDHI-UP-HS,19
RNJP,UP,RNJP-UP,Distant,DS,15.07393,76.5948567,RNJP-UP-DS,19
RNJP,UP,RNJP-UP,Home,HS,15.06458,76.596345,RNJP-UP-HS,19
RNJP,DN,RNJP-DN,Starter,STR,15.05968,76.59956,RNJP-DN-STR,45
NDHI,DN,NDHI-DN,Distant,DS,15.08712,76.5857817,NDHI-DN-DS,45
NDHI,DN,NDHI-DN,Home,HS,15.09402,76.5803133,NDHI-DN-HS,45
NDHI,DN,NDHI-DN,Starter,STR,15.10268,76.5808833,NDHI-DN-STR,45
BNHT,DN,BNHT-DN,Distant,DS,15.1272,76.6197183,BNHT-DN-DS,45
BNHT,DN,BNHT-DN,Home,HS,15.13569,76.6238683,BNHT-DN-HS,45
BNHT,DN,BNHT-DN,Starter,STR,15.14721,76.6211817,BNHT-DN-STR,45
BNHT,DN,BNHT-DN,GS cum Distant,GSDS,15.1514,76.6201983,BNHT-DN-GSDS,45
TNGL(B),DN,TNGL(B)-DN,Distant,DS,15.19012,76.63771,TNGL(B)-DN-DS,45
TNGL(B),DN,TNGL(B)-DN,Home,HS,15.19664,76.64453,TNGL(B)-DN-HS,45
TNGL(B),DN,TNGL(B)-DN,Routing HS,RHS,15.20315,76.654035,TNGL(B)-DN-RHS,45
VSG,DN,VSG-DN,Starter,STR,15.3953883,73.80914732,VSG-DN-STR,54
LD,DN,LD-DN,Starter,STR,15.45421,74.5015117,LD-DN-STR,35
UBL,UP,UBL-UP,Starter,STR,15.3513,75.14822,UBL-UP-STR,37
SNNR,DN,SNNR-DN,Starter,STR,15.76065639,76.76983717,SNNR-DN-STR,24
GIN,UP,GIN-UP,Starter,STR,15.34793,76.2409917,GIN-UP-STR,50

